t,LOG10N,pa
45,0.418,15-E:R1
45,0.4202,15-E:R2
45,0.4503,15-E:R3
45,0.4565,15-E:R4
45,0.39,15-E:R5
45,0.3758,15-NE:R1
54,0.2818,15-NE:R1
45,0.3697,15-NE:R2
54,0.2795,15-NE:R2
0,0.011,15-NE:R2
0,0.0124,15-NE:R3
45,0.4552,15-NE:R3
54,0.3614,15-NE:R3
0,0.0143,15-NE:R4
14,0.1293,15-NE:R4
45,0.4498,15-NE:R4
54,0.3551,15-NE:R4
0,0.0157,15-NE:R5
45,0.4056,15-NE:R5
45,0.383,15.18-E:R1
53,0.2808,15.18-E:R1
54,0.3147,15.18-E:R1
55,0.3133,15.18-E:R1
56,0.3132,15.18-E:R1
57,0.3138,15.18-E:R1
58,0.3081,15.18-E:R1
59,0.286,15.18-E:R1
45,0.3399,15.18-E:R2
53,0.2281,15.18-E:R2
54,0.2689,15.18-E:R2
55,0.2742,15.18-E:R2
56,0.2671,15.18-E:R2
57,0.2638,15.18-E:R2
58,0.256,15.18-E:R2
59,0.2475,15.18-E:R2
45,0.3446,15.18-E:R3
53,0.2243,15.18-E:R3
54,0.2672,15.18-E:R3
55,0.2673,15.18-E:R3
56,0.2728,15.18-E:R3
57,0.2684,15.18-E:R3
58,0.2577,15.18-E:R3
59,0.2341,15.18-E:R3
45,0.3442,15.18-E:R4
53,0.2482,15.18-E:R4
54,0.3036,15.18-E:R4
55,0.3037,15.18-E:R4
56,0.2984,15.18-E:R4
57,0.3012,15.18-E:R4
58,0.2837,15.18-E:R4
59,0.2489,15.18-E:R4
60,0.2492,15.18-E:R4
61,0.2521,15.18-E:R4
62,0.2518,15.18-E:R4
63,0.2532,15.18-E:R4
64,0.2544,15.18-E:R4
65,0.2585,15.18-E:R4
66,0.2571,15.18-E:R4
67,0.2626,15.18-E:R4
45,0.3225,15.18-E:R5
54,0.2535,15.18-E:R5
55,0.2438,15.18-E:R5
56,0.2433,15.18-E:R5
57,0.239,15.18-E:R5
58,0.2276,15.18-E:R5
53,0.2188,15.18-E:R5
50,0.2182,15.18-E:R5
46,0.1891,15.18-E:R5
45,0.3651,15.18-E:R6
53,0.2608,15.18-E:R6
54,0.2908,15.18-E:R6
55,0.287,15.18-E:R6
56,0.2846,15.18-E:R6
57,0.2674,15.18-E:R6
48,0.2137,15.18-NE:R1
50,0.2169,15.18-NE:R1
51,0.2214,15.18-NE:R1
52,0.2312,15.18-NE:R1
53,0.227,15.18-NE:R1
54,0.2299,15.18-NE:R1
55,0.2284,15.18-NE:R1
56,0.2299,15.18-NE:R1
57,0.2435,15.18-NE:R1
58,0.2467,15.18-NE:R1
60,0.2529,15.18-NE:R1
59,0.2391,15.18-NE:R1
61,0.2563,15.18-NE:R1
62,0.2632,15.18-NE:R1
63,0.2665,15.18-NE:R1
64,0.265,15.18-NE:R1
65,0.2651,15.18-NE:R1
66,0.2642,15.18-NE:R1
67,0.2619,15.18-NE:R1
45,0.2756,15.18-NE:R2
54,0.2089,15.18-NE:R2
62,0.2104,15.18-NE:R2
63,0.2174,15.18-NE:R2
64,0.2489,15.18-NE:R2
65,0.2505,15.18-NE:R2
66,0.2509,15.18-NE:R2
67,0.2499,15.18-NE:R2
45,0.2738,15.18-NE:R3
54,0.2219,15.18-NE:R3
56,0.2178,15.18-NE:R3
55,0.2156,15.18-NE:R3
57,0.1982,15.18-NE:R3
58,0.1959,15.18-NE:R3
59,0.2054,15.18-NE:R3
45,0.2789,15.18-NE:R4
47,0.1558,15.18-NE:R4
48,0.1557,15.18-NE:R4
49,0.1616,15.18-NE:R4
50,0.1627,15.18-NE:R4
51,0.1674,15.18-NE:R4
52,0.1743,15.18-NE:R4
53,0.1919,15.18-NE:R4
54,0.2301,15.18-NE:R4
55,0.2341,15.18-NE:R4
56,0.2366,15.18-NE:R4
57,0.2328,15.18-NE:R4
58,0.2214,15.18-NE:R4
59,0.2176,15.18-NE:R4
60,0.2342,15.18-NE:R4
61,0.2353,15.18-NE:R4
62,0.2375,15.18-NE:R4
63,0.236,15.18-NE:R4
64,0.235,15.18-NE:R4
65,0.2364,15.18-NE:R4
66,0.2368,15.18-NE:R4
67,0.2351,15.18-NE:R4
45,0.2911,15.18-NE:R5
53,0.1985,15.18-NE:R5
54,0.2407,15.18-NE:R5
56,0.2738,15.18-NE:R5
55,0.2634,15.18-NE:R5
57,0.2756,15.18-NE:R5
58,0.2658,15.18-NE:R5
59,0.2471,15.18-NE:R5
60,0.2456,15.18-NE:R5
61,0.2466,15.18-NE:R5
62,0.2454,15.18-NE:R5
63,0.2446,15.18-NE:R5
64,0.2458,15.18-NE:R5
65,0.247,15.18-NE:R5
66,0.2476,15.18-NE:R5
67,0.2471,15.18-NE:R5
45,0.2807,15.18-NE:R6
46,0.161,15.18-NE:R6
47,0.166,15.18-NE:R6
48,0.1682,15.18-NE:R6
49,0.17,15.18-NE:R6
50,0.1741,15.18-NE:R6
51,0.1873,15.18-NE:R6
52,0.1952,15.18-NE:R6
53,0.2118,15.18-NE:R6
54,0.2484,15.18-NE:R6
55,0.2781,15.18-NE:R6
56,0.2814,15.18-NE:R6
57,0.28,15.18-NE:R6
58,0.2702,15.18-NE:R6
59,0.2503,15.18-NE:R6
60,0.2473,15.18-NE:R6
61,0.2449,15.18-NE:R6
62,0.2439,15.18-NE:R6
63,0.2434,15.18-NE:R6
64,0.2451,15.18-NE:R6
65,0.2463,15.18-NE:R6
66,0.2473,15.18-NE:R6
67,0.2471,15.18-NE:R6
45,0.4763,15.20-E:R1
54,0.3982,15.20-E:R1
53,0.3649,15.20-E:R1
55,0.3974,15.20-E:R1
56,0.396,15.20-E:R1
57,0.3923,15.20-E:R1
58,0.3724,15.20-E:R1
45,0.3509,15.20-E:R2
53,0.261,15.20-E:R2
54,0.2964,15.20-E:R2
55,0.3018,15.20-E:R2
56,0.2988,15.20-E:R2
57,0.2989,15.20-E:R2
58,0.2954,15.20-E:R2
59,0.2621,15.20-E:R2
60,0.2685,15.20-E:R2
61,0.2713,15.20-E:R2
62,0.2759,15.20-E:R2
63,0.2782,15.20-E:R2
64,0.2835,15.20-E:R2
65,0.2826,15.20-E:R2
66,0.287,15.20-E:R2
67,0.2933,15.20-E:R2
45,0.3785,15.20-E:R3
55,0.3208,15.20-E:R3
53,0.2705,15.20-E:R3
54,0.3125,15.20-E:R3
56,0.3114,15.20-E:R3
57,0.3152,15.20-E:R3
58,0.3019,15.20-E:R3
59,0.2795,15.20-E:R3
60,0.2828,15.20-E:R3
61,0.2846,15.20-E:R3
62,0.2833,15.20-E:R3
63,0.2881,15.20-E:R3
64,0.2901,15.20-E:R3
65,0.2942,15.20-E:R3
66,0.3018,15.20-E:R3
67,0.3003,15.20-E:R3
45,0.369,15.20-E:R4
51,0.2557,15.20-E:R4
52,0.2655,15.20-E:R4
43,0.2566,15.20-E:R4
53,0.2742,15.20-E:R4
54,0.2942,15.20-E:R4
55,0.3043,15.20-E:R4
56,0.3114,15.20-E:R4
57,0.3076,15.20-E:R4
58,0.2805,15.20-E:R4
59,0.2711,15.20-E:R4
60,0.2714,15.20-E:R4
61,0.2767,15.20-E:R4
62,0.2791,15.20-E:R4
63,0.2831,15.20-E:R4
64,0.29,15.20-E:R4
65,0.2962,15.20-E:R4
66,0.2941,15.20-E:R4
67,0.29,15.20-E:R4
45,0.3933,15.20-E:R5
54,0.3321,15.20-E:R5
55,0.3306,15.20-E:R5
56,0.3251,15.20-E:R5
57,0.3154,15.20-E:R5
45,0.3714,15.20-E:R6
54,0.3109,15.20-E:R6
55,0.3056,15.20-E:R6
53,0.2895,15.20-E:R6
45,0.3203,15.20-NE:R2
45,0.3347,15.20-NE:R3
52,0.2182,15.20-NE:R3
53,0.23,15.20-NE:R3
54,0.2689,15.20-NE:R3
55,0.2529,15.20-NE:R3
56,0.2352,15.20-NE:R3
57,0.2292,15.20-NE:R3
58,0.2293,15.20-NE:R3
59,0.2283,15.20-NE:R3
60,0.2299,15.20-NE:R3
61,0.2335,15.20-NE:R3
62,0.238,15.20-NE:R3
63,0.2378,15.20-NE:R3
64,0.2369,15.20-NE:R3
65,0.239,15.20-NE:R3
66,0.2384,15.20-NE:R3
67,0.2408,15.20-NE:R3
45,0.3884,15.20-NE:R4
53,0.2867,15.20-NE:R4
54,0.3208,15.20-NE:R4
55,0.3277,15.20-NE:R4
56,0.3243,15.20-NE:R4
57,0.3176,15.20-NE:R4
45,0.4066,15.20-NE:R5
54,0.3507,15.20-NE:R5
56,0.3468,15.20-NE:R5
55,0.3483,15.20-NE:R5
57,0.3412,15.20-NE:R5
45,0.3624,15.20-NE:R6
54,0.2959,15.20-NE:R6
55,0.2991,15.20-NE:R6
56,0.2897,15.20-NE:R6
57,0.2878,15.20-NE:R6
45,0.3591,15.23-E:R1
54,0.3036,15.23-E:R1
45,0.3964,15.23-E:R2
54,0.3181,15.23-E:R2
55,0.3232,15.23-E:R2
45,0.3468,15.23-E:R3
54,0.2771,15.23-E:R3
56,0.2583,15.23-E:R3
55,0.2709,15.23-E:R3
45,0.3478,15.23-E:R4
53,0.2605,15.23-E:R4
54,0.2926,15.23-E:R4
55,0.2801,15.23-E:R4
61,0.2579,15.23-E:R4
62,0.2605,15.23-E:R4
63,0.2572,15.23-E:R4
64,0.2609,15.23-E:R4
65,0.2662,15.23-E:R4
66,0.2703,15.23-E:R4
67,0.2667,15.23-E:R4
45,0.5835,15.23-E:R5
54,0.5234,15.23-E:R5
55,0.5129,15.23-E:R5
59,0.5093,15.23-E:R5
60,0.5168,15.23-E:R5
61,0.5293,15.23-E:R5
62,0.5389,15.23-E:R5
63,0.553,15.23-E:R5
64,0.5701,15.23-E:R5
65,0.5773,15.23-E:R5
66,0.5854,15.23-E:R5
67,0.5892,15.23-E:R5
45,0.4087,15.23-E:R6
54,0.3335,15.23-E:R6
45,0.3271,15.23-NE:R2
65,0.2562,15.23-NE:R2
66,0.2593,15.23-NE:R2
67,0.2583,15.23-NE:R2
45,0.3389,15.23-NE:R3
54,0.2868,15.23-NE:R3
45,0.3371,15.23-NE:R4
53,0.2495,15.23-NE:R4
54,0.2864,15.23-NE:R4
55,0.2654,15.23-NE:R4
45,0.325,15.23-NE:R5
54,0.2616,15.23-NE:R5
55,0.2526,15.23-NE:R5
45,0.378,15.23-NE:R6
54,0.3251,15.23-NE:R6
42,0.2494,18-E:R1
43,0.238,18-E:R1
44,0.2289,18-E:R1
45,0.2853,18-E:R1
46,0.2264,18-E:R1
47,0.2296,18-E:R1
48,0.2423,18-E:R1
49,0.2522,18-E:R1
50,0.2625,18-E:R1
51,0.267,18-E:R1
52,0.2696,18-E:R1
53,0.2757,18-E:R1
54,0.2812,18-E:R1
55,0.2882,18-E:R1
56,0.2902,18-E:R1
57,0.2936,18-E:R1
58,0.2976,18-E:R1
59,0.2994,18-E:R1
60,0.3022,18-E:R1
61,0.3067,18-E:R1
62,0.3082,18-E:R1
63,0.3081,18-E:R1
64,0.3143,18-E:R1
65,0.3175,18-E:R1
66,0.3185,18-E:R1
67,0.3155,18-E:R1
45,0.2909,18-E:R2
54,0.2007,18-E:R2
55,0.1942,18-E:R2
56,0.1913,18-E:R2
57,0.1987,18-E:R2
59,0.2333,18-E:R2
58,0.218,18-E:R2
60,0.2524,18-E:R2
61,0.2619,18-E:R2
62,0.2695,18-E:R2
63,0.2715,18-E:R2
64,0.2784,18-E:R2
65,0.2793,18-E:R2
66,0.2841,18-E:R2
67,0.2901,18-E:R2
6,0.0646,18-E:R2
6,0.0653,18-E:R3
45,0.293,18-E:R3
47,0.2066,18-E:R3
48,0.2118,18-E:R3
49,0.2202,18-E:R3
50,0.2119,18-E:R3
51,0.2055,18-E:R3
52,0.1965,18-E:R3
53,0.1904,18-E:R3
54,0.1912,18-E:R3
55,0.2076,18-E:R3
56,0.2265,18-E:R3
57,0.2447,18-E:R3
58,0.264,18-E:R3
59,0.2718,18-E:R3
60,0.2792,18-E:R3
61,0.285,18-E:R3
62,0.285,18-E:R3
63,0.2927,18-E:R3
64,0.2987,18-E:R3
65,0.2972,18-E:R3
66,0.2997,18-E:R3
67,0.3026,18-E:R3
6,0.0653,18-E:R4
45,0.2872,18-E:R4
53,0.2096,18-E:R4
54,0.2053,18-E:R4
55,0.1992,18-E:R4
56,0.1942,18-E:R4
57,0.1915,18-E:R4
58,0.1884,18-E:R4
59,0.188,18-E:R4
60,0.2208,18-E:R4
61,0.2403,18-E:R4
62,0.2528,18-E:R4
63,0.2675,18-E:R4
64,0.277,18-E:R4
65,0.2794,18-E:R4
66,0.2852,18-E:R4
67,0.2899,18-E:R4
45,0.2492,18-E:R5
46,0.1729,18-E:R5
47,0.1646,18-E:R5
48,0.1645,18-E:R5
49,0.1653,18-E:R5
50,0.1735,18-E:R5
51,0.1821,18-E:R5
52,0.1848,18-E:R5
53,0.1882,18-E:R5
54,0.1916,18-E:R5
55,0.2004,18-E:R5
56,0.2013,18-E:R5
57,0.2056,18-E:R5
58,0.2062,18-E:R5
59,0.2104,18-E:R5
60,0.2111,18-E:R5
61,0.2138,18-E:R5
62,0.2177,18-E:R5
63,0.2178,18-E:R5
64,0.2233,18-E:R5
65,0.2232,18-E:R5
66,0.2303,18-E:R5
67,0.2295,18-E:R5
43,0.2286,18-E:R6
45,0.2165,18-E:R6
47,0.2233,18-E:R6
48,0.215,18-E:R6
49,0.2156,18-E:R6
50,0.2086,18-E:R6
51,0.2024,18-E:R6
52,0.2103,18-E:R6
53,0.2049,18-E:R6
54,0.2107,18-E:R6
55,0.2094,18-E:R6
56,0.209,18-E:R6
57,0.2128,18-E:R6
58,0.2171,18-E:R6
59,0.2209,18-E:R6
60,0.2229,18-E:R6
61,0.225,18-E:R6
62,0.2333,18-E:R6
63,0.2332,18-E:R6
64,0.2392,18-E:R6
65,0.2406,18-E:R6
66,0.2411,18-E:R6
67,0.243,18-E:R6
45,0.3199,18-NE:R1
33,0.1611,18-NE:R1
34,0.1626,18-NE:R1
35,0.1654,18-NE:R1
36,0.1676,18-NE:R1
37,0.1694,18-NE:R1
38,0.171,18-NE:R1
39,0.1739,18-NE:R1
40,0.1758,18-NE:R1
41,0.1774,18-NE:R1
42,0.1787,18-NE:R1
43,0.1808,18-NE:R1
44,0.1832,18-NE:R1
46,0.1828,18-NE:R1
47,0.1883,18-NE:R1
48,0.1945,18-NE:R1
49,0.195,18-NE:R1
50,0.1971,18-NE:R1
51,0.1997,18-NE:R1
52,0.2022,18-NE:R1
53,0.2161,18-NE:R1
54,0.2493,18-NE:R1
55,0.2404,18-NE:R1
56,0.2293,18-NE:R1
57,0.2158,18-NE:R1
58,0.2211,18-NE:R1
59,0.2213,18-NE:R1
60,0.2222,18-NE:R1
61,0.2381,18-NE:R1
62,0.2488,18-NE:R1
63,0.2504,18-NE:R1
64,0.2508,18-NE:R1
65,0.2497,18-NE:R1
66,0.242,18-NE:R1
67,0.2453,18-NE:R1
5,0.0544,18-NE:R1
45,0.3707,18-NE:R2
5,0.0599,18-NE:R2
35,0.2074,18-NE:R2
36,0.2103,18-NE:R2
37,0.2107,18-NE:R2
38,0.2159,18-NE:R2
39,0.2192,18-NE:R2
40,0.2211,18-NE:R2
41,0.2234,18-NE:R2
42,0.2243,18-NE:R2
43,0.224,18-NE:R2
44,0.2331,18-NE:R2
33,0.2011,18-NE:R2
34,0.204,18-NE:R2
46,0.2361,18-NE:R2
47,0.2363,18-NE:R2
48,0.2466,18-NE:R2
49,0.2456,18-NE:R2
50,0.2527,18-NE:R2
51,0.2776,18-NE:R2
52,0.2889,18-NE:R2
53,0.311,18-NE:R2
54,0.3435,18-NE:R2
55,0.3312,18-NE:R2
56,0.3281,18-NE:R2
57,0.3232,18-NE:R2
58,0.3304,18-NE:R2
59,0.3353,18-NE:R2
60,0.3427,18-NE:R2
61,0.3445,18-NE:R2
62,0.3538,18-NE:R2
63,0.352,18-NE:R2
64,0.3513,18-NE:R2
65,0.3524,18-NE:R2
66,0.3559,18-NE:R2
67,0.357,18-NE:R2
5,0.0679,18-NE:R3
45,0.367,18-NE:R3
42,0.2132,18-NE:R3
43,0.2176,18-NE:R3
44,0.2206,18-NE:R3
46,0.2232,18-NE:R3
47,0.2331,18-NE:R3
48,0.2294,18-NE:R3
49,0.2389,18-NE:R3
50,0.2529,18-NE:R3
51,0.2627,18-NE:R3
52,0.2882,18-NE:R3
53,0.3168,18-NE:R3
54,0.3585,18-NE:R3
55,0.3546,18-NE:R3
56,0.3358,18-NE:R3
57,0.3275,18-NE:R3
58,0.3192,18-NE:R3
59,0.3196,18-NE:R3
60,0.3354,18-NE:R3
61,0.3464,18-NE:R3
62,0.3594,18-NE:R3
63,0.3689,18-NE:R3
64,0.3788,18-NE:R3
65,0.3809,18-NE:R3
66,0.3745,18-NE:R3
67,0.3737,18-NE:R3
45,0.5185,18-NE:R4
5,0.0633,18-NE:R4
49,0.3593,18-NE:R4
50,0.3606,18-NE:R4
51,0.3634,18-NE:R4
52,0.3628,18-NE:R4
53,0.373,18-NE:R4
54,0.4026,18-NE:R4
55,0.3714,18-NE:R4
56,0.3689,18-NE:R4
57,0.3557,18-NE:R4
58,0.3529,18-NE:R4
59,0.3638,18-NE:R4
60,0.3592,18-NE:R4
61,0.3575,18-NE:R4
62,0.3836,18-NE:R4
63,0.3783,18-NE:R4
64,0.3952,18-NE:R4
65,0.3781,18-NE:R4
66,0.3803,18-NE:R4
67,0.3618,18-NE:R4
45,0.3614,18-NE:R5
59,0.3018,18-NE:R5
60,0.3119,18-NE:R5
61,0.314,18-NE:R5
62,0.3148,18-NE:R5
63,0.3149,18-NE:R5
64,0.3206,18-NE:R5
65,0.3238,18-NE:R5
66,0.3263,18-NE:R5
67,0.3288,18-NE:R5
5,0.0659,18-NE:R5
0,0.0121,18-NE:R5
45,0.2762,18-NE:R6
55,0.2791,18-NE:R6
56,0.305,18-NE:R6
57,0.324,18-NE:R6
58,0.3411,18-NE:R6
59,0.3487,18-NE:R6
60,0.3534,18-NE:R6
61,0.3536,18-NE:R6
62,0.3627,18-NE:R6
63,0.3601,18-NE:R6
64,0.3658,18-NE:R6
65,0.3698,18-NE:R6
66,0.3708,18-NE:R6
67,0.374,18-NE:R6
45,0.2313,18.20-E:R1
37,0.0881,18.20-E:R1
38,0.0889,18.20-E:R1
39,0.091,18.20-E:R1
11,0.0325,18.20-E:R1
40,0.0903,18.20-E:R1
41,0.0939,18.20-E:R1
42,0.0932,18.20-E:R1
43,0.0966,18.20-E:R1
44,0.0983,18.20-E:R1
46,0.1015,18.20-E:R1
47,0.1072,18.20-E:R1
48,0.1139,18.20-E:R1
49,0.1154,18.20-E:R1
50,0.119,18.20-E:R1
51,0.1267,18.20-E:R1
52,0.1311,18.20-E:R1
53,0.1371,18.20-E:R1
54,0.1528,18.20-E:R1
55,0.1382,18.20-E:R1
56,0.1397,18.20-E:R1
57,0.1376,18.20-E:R1
58,0.1412,18.20-E:R1
59,0.176,18.20-E:R1
60,0.1555,18.20-E:R1
61,0.1469,18.20-E:R1
62,0.1514,18.20-E:R1
63,0.158,18.20-E:R1
64,0.1693,18.20-E:R1
65,0.1786,18.20-E:R1
66,0.1863,18.20-E:R1
67,0.1906,18.20-E:R1
38,0.1106,18.20-E:R2
39,0.1155,18.20-E:R2
40,0.117,18.20-E:R2
41,0.121,18.20-E:R2
42,0.1215,18.20-E:R2
43,0.1246,18.20-E:R2
44,0.1297,18.20-E:R2
45,0.2612,18.20-E:R2
46,0.1331,18.20-E:R2
47,0.1369,18.20-E:R2
48,0.1413,18.20-E:R2
49,0.1436,18.20-E:R2
50,0.1473,18.20-E:R2
51,0.1527,18.20-E:R2
52,0.158,18.20-E:R2
53,0.1659,18.20-E:R2
54,0.1932,18.20-E:R2
55,0.1655,18.20-E:R2
56,0.1633,18.20-E:R2
57,0.1615,18.20-E:R2
58,0.1628,18.20-E:R2
59,0.1652,18.20-E:R2
60,0.1892,18.20-E:R2
61,0.1698,18.20-E:R2
62,0.1641,18.20-E:R2
63,0.1683,18.20-E:R2
64,0.1709,18.20-E:R2
65,0.1748,18.20-E:R2
66,0.1797,18.20-E:R2
67,0.1789,18.20-E:R2
15,0.1099,18.20-E:R3
19,0.1202,18.20-E:R3
18,0.103,18.20-E:R3
20,0.1505,18.20-E:R3
21,0.174,18.20-E:R3
22,0.194,18.20-E:R3
7,0.046,18.20-E:R3
8,0.0472,18.20-E:R3
23,0.2097,18.20-E:R3
24,0.2294,18.20-E:R3
25,0.2528,18.20-E:R3
26,0.2779,18.20-E:R3
27,0.2971,18.20-E:R3
28,0.3203,18.20-E:R3
29,0.351,18.20-E:R3
30,0.3759,18.20-E:R3
31,0.3883,18.20-E:R3
32,0.3923,18.20-E:R3
33,0.4027,18.20-E:R3
34,0.4137,18.20-E:R3
35,0.4226,18.20-E:R3
36,0.4267,18.20-E:R3
37,0.4262,18.20-E:R3
38,0.4269,18.20-E:R3
39,0.4266,18.20-E:R3
40,0.4255,18.20-E:R3
41,0.4255,18.20-E:R3
42,0.4102,18.20-E:R3
43,0.3671,18.20-E:R3
45,0.4118,18.20-E:R3
44,0.3163,18.20-E:R3
46,0.2376,18.20-E:R3
47,0.2359,18.20-E:R3
48,0.2314,18.20-E:R3
49,0.2239,18.20-E:R3
50,0.2188,18.20-E:R3
51,0.2154,18.20-E:R3
52,0.2164,18.20-E:R3
53,0.22,18.20-E:R3
54,0.2467,18.20-E:R3
55,0.2161,18.20-E:R3
56,0.217,18.20-E:R3
57,0.2158,18.20-E:R3
58,0.2127,18.20-E:R3
59,0.212,18.20-E:R3
60,0.2094,18.20-E:R3
61,0.2055,18.20-E:R3
62,0.2,18.20-E:R3
63,0.1957,18.20-E:R3
64,0.1932,18.20-E:R3
65,0.1924,18.20-E:R3
66,0.1878,18.20-E:R3
67,0.1838,18.20-E:R3
45,0.2103,18.20-E:R4
54,0.1403,18.20-E:R4
53,0.1109,18.20-E:R4
55,0.1135,18.20-E:R4
56,0.1162,18.20-E:R4
57,0.119,18.20-E:R4
58,0.121,18.20-E:R4
59,0.1207,18.20-E:R4
60,0.1246,18.20-E:R4
61,0.1232,18.20-E:R4
63,0.1203,18.20-E:R4
62,0.1234,18.20-E:R4
64,0.1238,18.20-E:R4
65,0.1249,18.20-E:R4
66,0.1237,18.20-E:R4
67,0.1226,18.20-E:R4
34,0.1009,18.20-E:R4
35,0.0973,18.20-E:R4
36,0.095,18.20-E:R4
37,0.0919,18.20-E:R4
38,0.0907,18.20-E:R4
39,0.0907,18.20-E:R4
40,0.0868,18.20-E:R4
41,0.0866,18.20-E:R4
42,0.0844,18.20-E:R4
43,0.086,18.20-E:R4
44,0.0856,18.20-E:R4
46,0.0902,18.20-E:R4
47,0.095,18.20-E:R4
48,0.0994,18.20-E:R4
49,0.0996,18.20-E:R4
50,0.1007,18.20-E:R4
51,0.1048,18.20-E:R4
52,0.1043,18.20-E:R4
10,0.0504,18.20-E:R4
9,0.0522,18.20-E:R4
11,0.0671,18.20-E:R4
21,0.0893,18.20-E:R4
20,0.0925,18.20-E:R4
9,0.0369,18.20-E:R5
10,0.0355,18.20-E:R5
11,0.0512,18.20-E:R5
54,0.1152,18.20-E:R5
45,0.2063,18.20-E:R5
45,0.2263,18.20-E:R6
35,0.0843,18.20-E:R6
36,0.0844,18.20-E:R6
37,0.0859,18.20-E:R6
38,0.0863,18.20-E:R6
39,0.0895,18.20-E:R6
40,0.0908,18.20-E:R6
41,0.095,18.20-E:R6
46,0.1094,18.20-E:R6
47,0.1073,18.20-E:R6
48,0.113,18.20-E:R6
49,0.1141,18.20-E:R6
50,0.1147,18.20-E:R6
51,0.1177,18.20-E:R6
52,0.1205,18.20-E:R6
53,0.1261,18.20-E:R6
54,0.1302,18.20-E:R6
55,0.1281,18.20-E:R6
56,0.1284,18.20-E:R6
57,0.1297,18.20-E:R6
58,0.1325,18.20-E:R6
59,0.1329,18.20-E:R6
60,0.1374,18.20-E:R6
61,0.1568,18.20-E:R6
62,0.1422,18.20-E:R6
63,0.134,18.20-E:R6
64,0.1314,18.20-E:R6
65,0.1281,18.20-E:R6
66,0.1274,18.20-E:R6
67,0.1244,18.20-E:R6
65,0.2428,18.20-NE:R1
66,0.2603,18.20-NE:R1
67,0.2657,18.20-NE:R1
11,0.112,18.20-NE:R1
45,0.3044,18.20-NE:R2
36,0.1266,18.20-NE:R2
37,0.1287,18.20-NE:R2
38,0.1332,18.20-NE:R2
39,0.1355,18.20-NE:R2
40,0.1381,18.20-NE:R2
41,0.1447,18.20-NE:R2
42,0.1565,18.20-NE:R2
43,0.1622,18.20-NE:R2
44,0.1734,18.20-NE:R2
46,0.1962,18.20-NE:R2
47,0.2063,18.20-NE:R2
48,0.2104,18.20-NE:R2
49,0.2158,18.20-NE:R2
50,0.2293,18.20-NE:R2
51,0.2451,18.20-NE:R2
52,0.2564,18.20-NE:R2
53,0.2695,18.20-NE:R2
54,0.2795,18.20-NE:R2
55,0.2896,18.20-NE:R2
56,0.3149,18.20-NE:R2
57,0.3095,18.20-NE:R2
58,0.3331,18.20-NE:R2
59,0.353,18.20-NE:R2
60,0.3506,18.20-NE:R2
61,0.3051,18.20-NE:R2
62,0.2651,18.20-NE:R2
63,0.2584,18.20-NE:R2
64,0.2601,18.20-NE:R2
65,0.2583,18.20-NE:R2
66,0.2474,18.20-NE:R2
67,0.2464,18.20-NE:R2
27,0.1101,18.20-NE:R3
45,0.2413,18.20-NE:R3
54,0.1467,18.20-NE:R3
54,0.2077,18.20-NE:R4
45,0.2823,18.20-NE:R4
46,0.1516,18.20-NE:R4
47,0.1547,18.20-NE:R4
48,0.1584,18.20-NE:R4
49,0.1617,18.20-NE:R4
51,0.1641,18.20-NE:R4
50,0.1619,18.20-NE:R4
52,0.1674,18.20-NE:R4
53,0.1784,18.20-NE:R4
55,0.1783,18.20-NE:R4
56,0.1816,18.20-NE:R4
58,0.1858,18.20-NE:R4
57,0.1835,18.20-NE:R4
59,0.186,18.20-NE:R4
60,0.1881,18.20-NE:R4
61,0.1881,18.20-NE:R4
62,0.19,18.20-NE:R4
63,0.1921,18.20-NE:R4
64,0.1935,18.20-NE:R4
65,0.1952,18.20-NE:R4
66,0.1973,18.20-NE:R4
67,0.1965,18.20-NE:R4
54,0.2312,18.20-NE:R5
45,0.3008,18.20-NE:R5
26,0.1315,18.20-NE:R5
27,0.1272,18.20-NE:R5
28,0.123,18.20-NE:R5
29,0.1252,18.20-NE:R5
30,0.1202,18.20-NE:R5
31,0.125,18.20-NE:R5
32,0.1246,18.20-NE:R5
33,0.126,18.20-NE:R5
34,0.1307,18.20-NE:R5
35,0.1337,18.20-NE:R5
36,0.1383,18.20-NE:R5
37,0.141,18.20-NE:R5
38,0.142,18.20-NE:R5
39,0.1467,18.20-NE:R5
40,0.1477,18.20-NE:R5
41,0.154,18.20-NE:R5
42,0.1551,18.20-NE:R5
43,0.159,18.20-NE:R5
44,0.1635,18.20-NE:R5
46,0.1681,18.20-NE:R5
47,0.1745,18.20-NE:R5
48,0.1803,18.20-NE:R5
49,0.1824,18.20-NE:R5
50,0.1851,18.20-NE:R5
51,0.1898,18.20-NE:R5
52,0.1924,18.20-NE:R5
53,0.2013,18.20-NE:R5
55,0.2033,18.20-NE:R5
56,0.2088,18.20-NE:R5
57,0.2081,18.20-NE:R5
58,0.2109,18.20-NE:R5
60,0.2128,18.20-NE:R5
59,0.2115,18.20-NE:R5
61,0.2141,18.20-NE:R5
63,0.219,18.20-NE:R5
64,0.2205,18.20-NE:R5
62,0.2165,18.20-NE:R5
65,0.2194,18.20-NE:R5
66,0.2242,18.20-NE:R5
67,0.24,18.20-NE:R5
45,0.3132,18.20-NE:R6
6,0.068,18.20-NE:R6
7,0.075,18.20-NE:R6
8,0.095,18.20-NE:R6
9,0.0909,18.20-NE:R6
11,0.0834,18.20-NE:R6
10,0.081,18.20-NE:R6
52,0.2051,18.20-NE:R6
53,0.2122,18.20-NE:R6
54,0.2247,18.20-NE:R6
55,0.2131,18.20-NE:R6
56,0.2152,18.20-NE:R6
57,0.216,18.20-NE:R6
58,0.2173,18.20-NE:R6
59,0.2188,18.20-NE:R6
60,0.2202,18.20-NE:R6
61,0.2256,18.20-NE:R6
62,0.2347,18.20-NE:R6
63,0.2258,18.20-NE:R6
64,0.2184,18.20-NE:R6
65,0.2136,18.20-NE:R6
66,0.2101,18.20-NE:R6
67,0.2119,18.20-NE:R6
45,0.2791,18.23-E:R1
67,0.1815,18.23-E:R1
7,0.0494,18.23-E:R1
45,0.2692,18.23-E:R2
45,0.2956,18.23-E:R3
63,0.1788,18.23-E:R3
64,0.1731,18.23-E:R3
65,0.1694,18.23-E:R3
66,0.1721,18.23-E:R3
67,0.1734,18.23-E:R3
45,0.5967,18.23-E:R4
47,0.5125,18.23-E:R4
48,0.5305,18.23-E:R4
49,0.5538,18.23-E:R4
50,0.5895,18.23-E:R4
51,0.6049,18.23-E:R4
52,0.6119,18.23-E:R4
53,0.6188,18.23-E:R4
54,0.6218,18.23-E:R4
55,0.6252,18.23-E:R4
56,0.6263,18.23-E:R4
57,0.6272,18.23-E:R4
58,0.6255,18.23-E:R4
59,0.6296,18.23-E:R4
60,0.6252,18.23-E:R4
61,0.6343,18.23-E:R4
62,0.6374,18.23-E:R4
63,0.637,18.23-E:R4
64,0.6412,18.23-E:R4
65,0.6417,18.23-E:R4
66,0.6446,18.23-E:R4
67,0.6445,18.23-E:R4
45,0.276,18.23-E:R5
7,0.0569,18.23-E:R5
41,0.2761,18.23-E:R6
42,0.2213,18.23-E:R6
43,0.2254,18.23-E:R6
44,0.2283,18.23-E:R6
45,0.311,18.23-E:R6
46,0.237,18.23-E:R6
47,0.2325,18.23-E:R6
48,0.2387,18.23-E:R6
49,0.2477,18.23-E:R6
50,0.2588,18.23-E:R6
51,0.2779,18.23-E:R6
52,0.2881,18.23-E:R6
53,0.3027,18.23-E:R6
54,0.3102,18.23-E:R6
55,0.3335,18.23-E:R6
56,0.3479,18.23-E:R6
57,0.3545,18.23-E:R6
58,0.363,18.23-E:R6
59,0.3682,18.23-E:R6
60,0.361,18.23-E:R6
61,0.3668,18.23-E:R6
62,0.3698,18.23-E:R6
63,0.3749,18.23-E:R6
64,0.3795,18.23-E:R6
65,0.3792,18.23-E:R6
66,0.3762,18.23-E:R6
67,0.3744,18.23-E:R6
44,0.2233,18.23-NE:R1
43,0.2149,18.23-NE:R1
46,0.2295,18.23-NE:R1
47,0.2272,18.23-NE:R1
48,0.2331,18.23-NE:R1
24,0.1623,18.23-NE:R1
25,0.1661,18.23-NE:R1
26,0.1693,18.23-NE:R1
27,0.1702,18.23-NE:R1
28,0.1732,18.23-NE:R1
29,0.1778,18.23-NE:R1
30,0.1796,18.23-NE:R1
31,0.1822,18.23-NE:R1
32,0.1857,18.23-NE:R1
33,0.1887,18.23-NE:R1
35,0.195,18.23-NE:R1
34,0.1909,18.23-NE:R1
36,0.1976,18.23-NE:R1
37,0.1994,18.23-NE:R1
38,0.2026,18.23-NE:R1
39,0.2045,18.23-NE:R1
40,0.2034,18.23-NE:R1
41,0.2052,18.23-NE:R1
42,0.2093,18.23-NE:R1
45,0.211,18.23-NE:R1
49,0.2298,18.23-NE:R1
50,0.231,18.23-NE:R1
51,0.2306,18.23-NE:R1
52,0.2297,18.23-NE:R1
53,0.2278,18.23-NE:R1
54,0.2278,18.23-NE:R1
55,0.2285,18.23-NE:R1
56,0.2245,18.23-NE:R1
57,0.222,18.23-NE:R1
58,0.2203,18.23-NE:R1
59,0.2168,18.23-NE:R1
60,0.2127,18.23-NE:R1
61,0.2107,18.23-NE:R1
62,0.209,18.23-NE:R1
63,0.2042,18.23-NE:R1
64,0.202,18.23-NE:R1
65,0.2001,18.23-NE:R1
66,0.1989,18.23-NE:R1
67,0.1943,18.23-NE:R1
45,0.302,18.23-NE:R2
6,0.0548,18.23-NE:R2
51,0.1923,18.23-NE:R2
52,0.1975,18.23-NE:R2
53,0.202,18.23-NE:R2
54,0.2084,18.23-NE:R2
55,0.2105,18.23-NE:R2
56,0.2117,18.23-NE:R2
57,0.2126,18.23-NE:R2
58,0.212,18.23-NE:R2
59,0.2123,18.23-NE:R2
60,0.2122,18.23-NE:R2
61,0.2116,18.23-NE:R2
62,0.2119,18.23-NE:R2
63,0.2128,18.23-NE:R2
64,0.223,18.23-NE:R2
65,0.2181,18.23-NE:R2
66,0.2065,18.23-NE:R2
67,0.1995,18.23-NE:R2
45,0.2914,18.23-NE:R3
6,0.0593,18.23-NE:R3
48,0.1891,18.23-NE:R3
49,0.1863,18.23-NE:R3
50,0.1856,18.23-NE:R3
51,0.1933,18.23-NE:R3
52,0.1912,18.23-NE:R3
53,0.1928,18.23-NE:R3
54,0.1942,18.23-NE:R3
55,0.19,18.23-NE:R3
56,0.1893,18.23-NE:R3
57,0.1884,18.23-NE:R3
58,0.1879,18.23-NE:R3
59,0.1877,18.23-NE:R3
60,0.1869,18.23-NE:R3
61,0.1856,18.23-NE:R3
62,0.1854,18.23-NE:R3
63,0.1839,18.23-NE:R3
64,0.1868,18.23-NE:R3
65,0.1878,18.23-NE:R3
66,0.1903,18.23-NE:R3
67,0.1912,18.23-NE:R3
45,0.2946,18.23-NE:R4
47,0.1833,18.23-NE:R4
48,0.1867,18.23-NE:R4
6,0.0579,18.23-NE:R4
14,0.1136,18.23-NE:R4
49,0.1826,18.23-NE:R4
50,0.181,18.23-NE:R4
51,0.1812,18.23-NE:R4
52,0.1811,18.23-NE:R4
53,0.1847,18.23-NE:R4
54,0.1876,18.23-NE:R4
55,0.1862,18.23-NE:R4
56,0.1888,18.23-NE:R4
57,0.1877,18.23-NE:R4
58,0.1882,18.23-NE:R4
59,0.1896,18.23-NE:R4
60,0.1885,18.23-NE:R4
61,0.1867,18.23-NE:R4
62,0.1882,18.23-NE:R4
63,0.1885,18.23-NE:R4
64,0.1928,18.23-NE:R4
65,0.1931,18.23-NE:R4
66,0.1934,18.23-NE:R4
67,0.1939,18.23-NE:R4
45,0.2979,18.23-NE:R5
49,0.1867,18.23-NE:R5
50,0.1861,18.23-NE:R5
6,0.0579,18.23-NE:R5
51,0.1879,18.23-NE:R5
52,0.1898,18.23-NE:R5
53,0.1926,18.23-NE:R5
54,0.1954,18.23-NE:R5
55,0.1961,18.23-NE:R5
56,0.1965,18.23-NE:R5
57,0.196,18.23-NE:R5
58,0.1968,18.23-NE:R5
59,0.1976,18.23-NE:R5
60,0.1963,18.23-NE:R5
61,0.1978,18.23-NE:R5
62,0.1975,18.23-NE:R5
63,0.1987,18.23-NE:R5
64,0.2025,18.23-NE:R5
65,0.2072,18.23-NE:R5
66,0.2087,18.23-NE:R5
67,0.2076,18.23-NE:R5
6,0.047,18.23-NE:R6
45,0.4592,18.23-NE:R6
43,0.342,18.23-NE:R6
44,0.3599,18.23-NE:R6
46,0.3788,18.23-NE:R6
47,0.3664,18.23-NE:R6
50,0.3503,18.23-NE:R6
51,0.3656,18.23-NE:R6
52,0.368,18.23-NE:R6
53,0.3751,18.23-NE:R6
42,0.3145,18.23-NE:R6
54,0.3868,18.23-NE:R6
55,0.3976,18.23-NE:R6
56,0.408,18.23-NE:R6
57,0.402,18.23-NE:R6
58,0.3881,18.23-NE:R6
60,0.3989,18.23-NE:R6
59,0.3971,18.23-NE:R6
61,0.4039,18.23-NE:R6
62,0.4051,18.23-NE:R6
63,0.4098,18.23-NE:R6
64,0.4106,18.23-NE:R6
65,0.4067,18.23-NE:R6
66,0.4062,18.23-NE:R6
67,0.4078,18.23-NE:R6
0,0.001,2-E:R1
1,0.001,2-E:R1
2,0.001,2-E:R1
3,0.001,2-E:R1
4,0.001,2-E:R1
5,5.00E-04,2-E:R1
6,0.0023,2-E:R1
7,0.0029,2-E:R1
11,0.0155,2-E:R1
12,0.0147,2-E:R1
13,0.018,2-E:R1
14,0.0225,2-E:R1
15,0.0266,2-E:R1
16,0.045,2-E:R1
45,0.2548,2-E:R1
47,0.1476,2-E:R1
48,0.1534,2-E:R1
49,0.1554,2-E:R1
50,0.1585,2-E:R1
51,0.1624,2-E:R1
52,0.1663,2-E:R1
53,0.1696,2-E:R1
54,0.1723,2-E:R1
55,0.1734,2-E:R1
56,0.1751,2-E:R1
57,0.1765,2-E:R1
58,0.1798,2-E:R1
59,0.1818,2-E:R1
60,0.1832,2-E:R1
61,0.1842,2-E:R1
62,0.1869,2-E:R1
63,0.188,2-E:R1
65,0.1963,2-E:R1
64,0.1928,2-E:R1
66,0.201,2-E:R1
67,0.206,2-E:R1
45,0.2542,2-E:R2
0,0.0021,2-E:R2
1,0.002,2-E:R2
2,0.0029,2-E:R2
3,0.0024,2-E:R2
4,0.003,2-E:R2
5,0.0036,2-E:R2
6,0.0049,2-E:R2
12,0.0132,2-E:R2
11,0.0176,2-E:R2
13,0.0147,2-E:R2
14,0.0173,2-E:R2
15,0.0209,2-E:R2
16,0.0254,2-E:R2
17,0.028,2-E:R2
18,0.0307,2-E:R2
19,0.0346,2-E:R2
47,0.1419,2-E:R2
49,0.1487,2-E:R2
48,0.1473,2-E:R2
50,0.1513,2-E:R2
51,0.1557,2-E:R2
52,0.1582,2-E:R2
53,0.1619,2-E:R2
54,0.1673,2-E:R2
55,0.1663,2-E:R2
56,0.1701,2-E:R2
57,0.1714,2-E:R2
58,0.1746,2-E:R2
59,0.1787,2-E:R2
60,0.1812,2-E:R2
61,0.1831,2-E:R2
62,0.1873,2-E:R2
63,0.189,2-E:R2
64,0.1917,2-E:R2
65,0.1955,2-E:R2
66,0.1983,2-E:R2
67,0.1994,2-E:R2
0,0.0017,2-E:R3
1,0.0014,2-E:R3
2,0.0013,2-E:R3
3,0.0016,2-E:R3
4,0.0016,2-E:R3
5,0.0031,2-E:R3
11,0.0186,2-E:R3
12,0.0183,2-E:R3
13,0.021,2-E:R3
14,0.0246,2-E:R3
15,0.0299,2-E:R3
6,0.0042,2-E:R3
45,0.2358,2-E:R3
47,0.1244,2-E:R3
48,0.1276,2-E:R3
49,0.1297,2-E:R3
50,0.1309,2-E:R3
51,0.1337,2-E:R3
52,0.1359,2-E:R3
53,0.1377,2-E:R3
54,0.1392,2-E:R3
55,0.1404,2-E:R3
56,0.1443,2-E:R3
57,0.1453,2-E:R3
58,0.1469,2-E:R3
59,0.1497,2-E:R3
60,0.1512,2-E:R3
61,0.1533,2-E:R3
62,0.1557,2-E:R3
63,0.1564,2-E:R3
64,0.1605,2-E:R3
65,0.1619,2-E:R3
66,0.1623,2-E:R3
67,0.1607,2-E:R3
45,0.2625,2-E:R4
0,0.0017,2-E:R4
1,0.0022,2-E:R4
2,0.0014,2-E:R4
3,0.0014,2-E:R4
4,0.0019,2-E:R4
5,0.0033,2-E:R4
6,0.0054,2-E:R4
47,0.1584,2-E:R4
48,0.1643,2-E:R4
49,0.1667,2-E:R4
50,0.1695,2-E:R4
51,0.1729,2-E:R4
53,0.18,2-E:R4
52,0.1758,2-E:R4
54,0.1813,2-E:R4
55,0.1865,2-E:R4
56,0.1899,2-E:R4
57,0.1924,2-E:R4
58,0.1952,2-E:R4
60,0.2023,2-E:R4
59,0.1994,2-E:R4
61,0.2065,2-E:R4
62,0.21,2-E:R4
63,0.211,2-E:R4
64,0.2153,2-E:R4
65,0.2188,2-E:R4
66,0.2222,2-E:R4
67,0.2233,2-E:R4
0,0.001,2-E:R5
1,0.001,2-E:R5
2,0.001,2-E:R5
3,0.001,2-E:R5
4,0.0004,2-E:R5
5,0.0006,2-E:R5
6,0.0038,2-E:R5
16,0.043,2-E:R5
17,0.0425,2-E:R5
18,0.0432,2-E:R5
19,0.0501,2-E:R5
20,0.0596,2-E:R5
38,0.1221,2-E:R5
39,0.1263,2-E:R5
40,0.1303,2-E:R5
41,0.1371,2-E:R5
42,0.1402,2-E:R5
43,0.1468,2-E:R5
44,0.1505,2-E:R5
45,0.2208,2-E:R5
46,0.1407,2-E:R5
47,0.1506,2-E:R5
48,0.1551,2-E:R5
49,0.1537,2-E:R5
50,0.1591,2-E:R5
51,0.1688,2-E:R5
52,0.1711,2-E:R5
53,0.1651,2-E:R5
54,0.1547,2-E:R5
55,0.1684,2-E:R5
56,0.1743,2-E:R5
57,0.1662,2-E:R5
58,0.1662,2-E:R5
59,0.1672,2-E:R5
60,0.1684,2-E:R5
61,0.1683,2-E:R5
62,0.1703,2-E:R5
63,0.1722,2-E:R5
64,0.1744,2-E:R5
65,0.1765,2-E:R5
66,0.1786,2-E:R5
67,0.1787,2-E:R5
0,0.0017,2-E:R6
1,0.0013,2-E:R6
2,0.0014,2-E:R6
3,0.0011,2-E:R6
4,0.001,2-E:R6
5,0.0018,2-E:R6
6,0.0036,2-E:R6
7,0.003,2-E:R6
10,0.0229,2-E:R6
45,0.189,2-E:R6
46,0.2189,2-E:R6
47,0.208,2-E:R6
48,0.2279,2-E:R6
51,0.2747,2-E:R6
52,0.2899,2-E:R6
53,0.293,2-E:R6
54,0.2877,2-E:R6
55,0.2987,2-E:R6
56,0.3026,2-E:R6
57,0.3045,2-E:R6
58,0.3101,2-E:R6
59,0.3137,2-E:R6
60,0.3173,2-E:R6
61,0.32,2-E:R6
62,0.3232,2-E:R6
63,0.3239,2-E:R6
64,0.3233,2-E:R6
65,0.3209,2-E:R6
66,0.3258,2-E:R6
67,0.3287,2-E:R6
44,0.2426,2-E:R6
49,0.2383,2-E:R6
0,0.0062,2-NE:R1
1,0.0076,2-NE:R1
2,0.0076,2-NE:R1
13,0.0589,2-NE:R1
24,0.0617,2-NE:R1
25,0.0667,2-NE:R1
26,0.0687,2-NE:R1
27,0.0717,2-NE:R1
28,0.0813,2-NE:R1
29,0.0863,2-NE:R1
30,0.0922,2-NE:R1
31,0.0936,2-NE:R1
32,0.0921,2-NE:R1
33,0.0968,2-NE:R1
34,0.0993,2-NE:R1
35,0.1013,2-NE:R1
36,0.1041,2-NE:R1
37,0.1058,2-NE:R1
38,0.1077,2-NE:R1
39,0.1104,2-NE:R1
40,0.1101,2-NE:R1
41,0.1169,2-NE:R1
42,0.1164,2-NE:R1
43,0.1206,2-NE:R1
44,0.1193,2-NE:R1
45,0.134,2-NE:R1
46,0.1291,2-NE:R1
47,0.1326,2-NE:R1
48,0.1345,2-NE:R1
49,0.1331,2-NE:R1
50,0.1331,2-NE:R1
51,0.1332,2-NE:R1
52,0.1339,2-NE:R1
53,0.1407,2-NE:R1
54,0.1495,2-NE:R1
55,0.1486,2-NE:R1
56,0.1497,2-NE:R1
57,0.1512,2-NE:R1
59,0.1556,2-NE:R1
58,0.154,2-NE:R1
60,0.1495,2-NE:R1
61,0.1518,2-NE:R1
62,0.1538,2-NE:R1
63,0.1582,2-NE:R1
64,0.1599,2-NE:R1
65,0.161,2-NE:R1
66,0.1629,2-NE:R1
67,0.1616,2-NE:R1
0,0.001,2-NE:R2
1,0.001,2-NE:R2
2,0.0001,2-NE:R2
3,0.0009,2-NE:R2
16,0.0336,2-NE:R2
17,0.0419,2-NE:R2
15,0.0353,2-NE:R2
19,0.0514,2-NE:R2
45,0.1313,2-NE:R2
46,0.1448,2-NE:R2
47,0.1562,2-NE:R2
48,0.164,2-NE:R2
54,0.172,2-NE:R2
58,0.1829,2-NE:R2
59,0.1843,2-NE:R2
60,0.1857,2-NE:R2
61,0.1883,2-NE:R2
62,0.191,2-NE:R2
63,0.1913,2-NE:R2
64,0.1938,2-NE:R2
65,0.1955,2-NE:R2
66,0.1973,2-NE:R2
67,0.2016,2-NE:R2
4,0.0012,2-NE:R2
0,0.001,2-NE:R3
1,0.001,2-NE:R3
2,0.001,2-NE:R3
3,0.001,2-NE:R3
4,0.001,2-NE:R3
6,0.0025,2-NE:R3
12,0.0275,2-NE:R3
15,0.03,2-NE:R3
45,0.1442,2-NE:R3
46,0.158,2-NE:R3
48,0.1836,2-NE:R3
49,0.186,2-NE:R3
50,0.1893,2-NE:R3
51,0.1928,2-NE:R3
52,0.1969,2-NE:R3
53,0.2027,2-NE:R3
54,0.2025,2-NE:R3
55,0.2097,2-NE:R3
56,0.211,2-NE:R3
57,0.2135,2-NE:R3
58,0.2174,2-NE:R3
59,0.2205,2-NE:R3
60,0.2236,2-NE:R3
61,0.227,2-NE:R3
62,0.2306,2-NE:R3
63,0.2333,2-NE:R3
64,0.2379,2-NE:R3
65,0.2399,2-NE:R3
66,0.2439,2-NE:R3
67,0.2458,2-NE:R3
0,0.001,2-NE:R4
1,0.001,2-NE:R4
2,0.001,2-NE:R4
4,0.001,2-NE:R4
3,0.001,2-NE:R4
45,0.1261,2-NE:R4
46,0.1401,2-NE:R4
48,0.1582,2-NE:R4
49,0.168,2-NE:R4
50,0.1755,2-NE:R4
51,0.1836,2-NE:R4
52,0.185,2-NE:R4
53,0.183,2-NE:R4
54,0.1735,2-NE:R4
55,0.1829,2-NE:R4
56,0.1787,2-NE:R4
57,0.1764,2-NE:R4
58,0.1784,2-NE:R4
59,0.1802,2-NE:R4
60,0.1814,2-NE:R4
61,0.1823,2-NE:R4
63,0.1831,2-NE:R4
62,0.1834,2-NE:R4
64,0.1857,2-NE:R4
65,0.1874,2-NE:R4
67,0.1925,2-NE:R4
66,0.1897,2-NE:R4
45,0.1262,2-NE:R5
0,0.001,2-NE:R5
1,0.001,2-NE:R5
2,0.0004,2-NE:R5
3,0.0019,2-NE:R5
47,0.1453,2-NE:R5
48,0.1488,2-NE:R5
49,0.1542,2-NE:R5
50,0.1602,2-NE:R5
51,0.1726,2-NE:R5
52,0.1765,2-NE:R5
53,0.1684,2-NE:R5
54,0.1571,2-NE:R5
55,0.1667,2-NE:R5
56,0.1624,2-NE:R5
57,0.1618,2-NE:R5
58,0.1653,2-NE:R5
59,0.1669,2-NE:R5
60,0.1683,2-NE:R5
61,0.1706,2-NE:R5
62,0.1744,2-NE:R5
63,0.1756,2-NE:R5
64,0.1776,2-NE:R5
65,0.1774,2-NE:R5
66,0.1784,2-NE:R5
67,0.1782,2-NE:R5
0,0.003,2-NE:R6
54,0.1447,2-NE:R6
55,0.148,2-NE:R6
56,0.146,2-NE:R6
57,0.1493,2-NE:R6
58,0.1514,2-NE:R6
59,0.1454,2-NE:R6
61,0.1483,2-NE:R6
60,0.1546,2-NE:R6
62,0.1551,2-NE:R6
63,0.1444,2-NE:R6
64,0.1554,2-NE:R6
65,0.1558,2-NE:R6
66,0.1576,2-NE:R6
67,0.1541,2-NE:R6
67,0.2422,2.15-E:R4
66,0.2329,2.15-E:R4
45,0.2641,2.15-E:R5
64,0.2296,2.15-E:R5
65,0.2234,2.15-E:R5
66,0.2208,2.15-E:R5
67,0.2222,2.15-E:R5
45,0.2667,2.15-E:R6
46,0.1225,2.15-NE:R1
45,0.1316,2.15-NE:R1
48,0.1534,2.15-NE:R1
49,0.1536,2.15-NE:R1
50,0.1569,2.15-NE:R1
51,0.1653,2.15-NE:R1
52,0.1667,2.15-NE:R1
53,0.1604,2.15-NE:R1
54,0.1623,2.15-NE:R1
55,0.1804,2.15-NE:R1
56,0.1732,2.15-NE:R1
57,0.1743,2.15-NE:R1
58,0.1743,2.15-NE:R1
59,0.1773,2.15-NE:R1
60,0.1834,2.15-NE:R1
61,0.184,2.15-NE:R1
62,0.1927,2.15-NE:R1
63,0.1914,2.15-NE:R1
64,0.1964,2.15-NE:R1
65,0.1982,2.15-NE:R1
66,0.2028,2.15-NE:R1
67,0.2034,2.15-NE:R1
46,0.1246,2.15-NE:R2
45,0.1308,2.15-NE:R2
55,0.1703,2.15-NE:R2
56,0.1709,2.15-NE:R2
57,0.1785,2.15-NE:R2
58,0.1837,2.15-NE:R2
59,0.1813,2.15-NE:R2
60,0.182,2.15-NE:R2
61,0.1867,2.15-NE:R2
62,0.1921,2.15-NE:R2
63,0.1912,2.15-NE:R2
64,0.1979,2.15-NE:R2
65,0.1961,2.15-NE:R2
66,0.199,2.15-NE:R2
67,0.2018,2.15-NE:R2
47,0.1489,2.15-NE:R2
48,0.1522,2.15-NE:R2
52,0.1658,2.15-NE:R2
45,0.1075,2.15-NE:R3
46,0.1309,2.15-NE:R3
44,0.1282,2.15-NE:R4
46,0.116,2.15-NE:R4
45,0.1005,2.15-NE:R4
47,0.1433,2.15-NE:R4
53,0.158,2.15-NE:R4
60,0.1771,2.15-NE:R4
67,0.2023,2.15-NE:R4
45,0.1225,2.15-NE:R5
46,0.1114,2.15-NE:R5
59,0.1815,2.15-NE:R5
44,0.1512,2.15-NE:R5
47,0.1504,2.15-NE:R5
61,0.1918,2.15-NE:R5
62,0.1895,2.15-NE:R5
63,0.1932,2.15-NE:R5
54,0.1718,2.15-NE:R5
46,0.1196,2.15-NE:R6
45,0.1262,2.15-NE:R6
48,0.1564,2.15-NE:R6
49,0.1601,2.15-NE:R6
50,0.1658,2.15-NE:R6
51,0.1685,2.15-NE:R6
52,0.1713,2.15-NE:R6
53,0.1716,2.15-NE:R6
54,0.177,2.15-NE:R6
55,0.1826,2.15-NE:R6
56,0.184,2.15-NE:R6
58,0.1919,2.15-NE:R6
57,0.1886,2.15-NE:R6
59,0.1944,2.15-NE:R6
60,0.1986,2.15-NE:R6
61,0.2008,2.15-NE:R6
62,0.2031,2.15-NE:R6
63,0.2078,2.15-NE:R6
64,0.2081,2.15-NE:R6
65,0.212,2.15-NE:R6
66,0.2178,2.15-NE:R6
67,0.2152,2.15-NE:R6
9,0.0311,2.18-E:R1
10,0.0426,2.18-E:R1
11,0.0433,2.18-E:R1
23,0.0811,2.18-E:R1
24,0.0838,2.18-E:R1
25,0.0844,2.18-E:R1
26,0.0879,2.18-E:R1
27,0.0821,2.18-E:R1
38,0.084,2.18-E:R1
37,0.0816,2.18-E:R1
36,0.0799,2.18-E:R1
39,0.0865,2.18-E:R1
40,0.0844,2.18-E:R1
41,0.0869,2.18-E:R1
42,0.0888,2.18-E:R1
43,0.09,2.18-E:R1
44,0.0938,2.18-E:R1
45,0.1001,2.18-E:R1
47,0.1151,2.18-E:R1
46,0.111,2.18-E:R1
48,0.1165,2.18-E:R1
49,0.1138,2.18-E:R1
50,0.1118,2.18-E:R1
51,0.1131,2.18-E:R1
52,0.1117,2.18-E:R1
53,0.1148,2.18-E:R1
54,0.1334,2.18-E:R1
55,0.1151,2.18-E:R1
56,0.1149,2.18-E:R1
57,0.1153,2.18-E:R1
58,0.1155,2.18-E:R1
59,0.1156,2.18-E:R1
60,0.1145,2.18-E:R1
61,0.113,2.18-E:R1
62,0.1117,2.18-E:R1
63,0.1102,2.18-E:R1
64,0.1087,2.18-E:R1
65,0.1045,2.18-E:R1
66,0.1043,2.18-E:R1
67,0.1008,2.18-E:R1
9,0.0275,2.18-E:R2
10,0.0262,2.18-E:R2
23,0.099,2.18-E:R2
45,0.2859,2.18-E:R2
54,0.1929,2.18-E:R2
58,0.1656,2.18-E:R2
59,0.1685,2.18-E:R2
60,0.1699,2.18-E:R2
61,0.1714,2.18-E:R2
62,0.173,2.18-E:R2
63,0.1746,2.18-E:R2
64,0.1783,2.18-E:R2
65,0.1799,2.18-E:R2
66,0.1827,2.18-E:R2
67,0.183,2.18-E:R2
39,0.1265,2.18-E:R2
40,0.1321,2.18-E:R2
25,0.0677,2.18-E:R3
26,0.0718,2.18-E:R3
28,0.0826,2.18-E:R3
27,0.081,2.18-E:R3
54,0.1474,2.18-E:R3
45,0.2412,2.18-E:R3
40,0.0914,2.18-E:R3
41,0.0854,2.18-E:R3
42,0.0868,2.18-E:R3
43,0.0894,2.18-E:R3
53,0.1161,2.18-E:R3
9,0.0308,2.18-E:R4
10,0.029,2.18-E:R4
45,0.2743,2.18-E:R4
54,0.1817,2.18-E:R4
41,0.1109,2.18-E:R4
42,0.106,2.18-E:R4
43,0.1078,2.18-E:R4
44,0.1253,2.18-E:R4
46,0.1271,2.18-E:R4
47,0.1305,2.18-E:R4
48,0.1282,2.18-E:R4
49,0.1348,2.18-E:R4
50,0.1386,2.18-E:R4
51,0.1409,2.18-E:R4
52,0.1425,2.18-E:R4
53,0.1506,2.18-E:R4
55,0.15,2.18-E:R4
56,0.1515,2.18-E:R4
57,0.1523,2.18-E:R4
58,0.1563,2.18-E:R4
59,0.1584,2.18-E:R4
60,0.1599,2.18-E:R4
61,0.1615,2.18-E:R4
62,0.1627,2.18-E:R4
63,0.1629,2.18-E:R4
64,0.1658,2.18-E:R4
65,0.1668,2.18-E:R4
66,0.1703,2.18-E:R4
67,0.173,2.18-E:R4
67,0.173,2.18-E:R4
31,0.0873,2.18-E:R5
30,0.1038,2.18-E:R5
0,0.0046,2.18-E:R5
8,0.0392,2.18-E:R5
9,0.034,2.18-E:R5
10,0.0342,2.18-E:R5
11,0.0396,2.18-E:R5
32,0.0883,2.18-E:R5
33,0.0899,2.18-E:R5
34,0.0937,2.18-E:R5
35,0.0976,2.18-E:R5
40,0.1331,2.18-E:R5
41,0.1347,2.18-E:R5
45,0.2742,2.18-E:R5
47,0.1333,2.18-E:R5
48,0.14,2.18-E:R5
49,0.1439,2.18-E:R5
50,0.1485,2.18-E:R5
51,0.1533,2.18-E:R5
52,0.1562,2.18-E:R5
53,0.165,2.18-E:R5
54,0.1934,2.18-E:R5
55,0.159,2.18-E:R5
57,0.1568,2.18-E:R5
56,0.1582,2.18-E:R5
58,0.1608,2.18-E:R5
59,0.1609,2.18-E:R5
60,0.1617,2.18-E:R5
61,0.1636,2.18-E:R5
62,0.1649,2.18-E:R5
63,0.1662,2.18-E:R5
64,0.1693,2.18-E:R5
65,0.1708,2.18-E:R5
66,0.1735,2.18-E:R5
67,0.1732,2.18-E:R5
7,0.0479,2.18-E:R6
8,0.0425,2.18-E:R6
45,0.3984,2.18-E:R6
54,0.288,2.18-E:R6
25,0.1188,2.18-NE:R1
38,0.1321,2.18-NE:R1
39,0.1312,2.18-NE:R1
40,0.1342,2.18-NE:R1
41,0.1366,2.18-NE:R1
42,0.1385,2.18-NE:R1
43,0.1411,2.18-NE:R1
44,0.1444,2.18-NE:R1
45,0.131,2.18-NE:R1
46,0.142,2.18-NE:R1
47,0.1424,2.18-NE:R1
48,0.1411,2.18-NE:R1
49,0.1383,2.18-NE:R1
50,0.1374,2.18-NE:R1
51,0.1377,2.18-NE:R1
52,0.1352,2.18-NE:R1
53,0.1345,2.18-NE:R1
54,0.1333,2.18-NE:R1
55,0.1345,2.18-NE:R1
56,0.1327,2.18-NE:R1
57,0.1325,2.18-NE:R1
58,0.1332,2.18-NE:R1
59,0.1323,2.18-NE:R1
60,0.13,2.18-NE:R1
61,0.1295,2.18-NE:R1
62,0.1308,2.18-NE:R1
63,0.1295,2.18-NE:R1
64,0.1296,2.18-NE:R1
65,0.1304,2.18-NE:R1
66,0.1272,2.18-NE:R1
67,0.1279,2.18-NE:R1
28,0.1108,2.18-NE:R2
29,0.1195,2.18-NE:R2
30,0.1279,2.18-NE:R2
31,0.1337,2.18-NE:R2
32,0.1318,2.18-NE:R2
33,0.1317,2.18-NE:R2
34,0.1349,2.18-NE:R2
35,0.1377,2.18-NE:R2
36,0.1465,2.18-NE:R2
37,0.1722,2.18-NE:R2
38,0.1906,2.18-NE:R2
39,0.2012,2.18-NE:R2
40,0.206,2.18-NE:R2
41,0.2131,2.18-NE:R2
42,0.2181,2.18-NE:R2
43,0.2268,2.18-NE:R2
45,0.2393,2.18-NE:R2
44,0.2341,2.18-NE:R2
46,0.2437,2.18-NE:R2
47,0.2554,2.18-NE:R2
48,0.2664,2.18-NE:R2
49,0.2747,2.18-NE:R2
50,0.2822,2.18-NE:R2
51,0.2916,2.18-NE:R2
52,0.2993,2.18-NE:R2
53,0.307,2.18-NE:R2
54,0.3156,2.18-NE:R2
55,0.3242,2.18-NE:R2
56,0.3353,2.18-NE:R2
59,0.3622,2.18-NE:R2
58,0.3533,2.18-NE:R2
57,0.3434,2.18-NE:R2
61,0.3781,2.18-NE:R2
60,0.371,2.18-NE:R2
62,0.386,2.18-NE:R2
63,0.3923,2.18-NE:R2
64,0.4012,2.18-NE:R2
65,0.4113,2.18-NE:R2
66,0.4162,2.18-NE:R2
67,0.4195,2.18-NE:R2
39,0.1335,2.18-NE:R3
40,0.141,2.18-NE:R3
41,0.1422,2.18-NE:R3
42,0.1419,2.18-NE:R3
43,0.1427,2.18-NE:R3
44,0.1445,2.18-NE:R3
45,0.1398,2.18-NE:R3
47,0.1308,2.18-NE:R3
46,0.1304,2.18-NE:R3
48,0.1341,2.18-NE:R3
49,0.1336,2.18-NE:R3
50,0.129,2.18-NE:R3
51,0.1231,2.18-NE:R3
52,0.1193,2.18-NE:R3
53,0.1258,2.18-NE:R3
54,0.1386,2.18-NE:R3
55,0.1333,2.18-NE:R3
56,0.1393,2.18-NE:R3
57,0.1412,2.18-NE:R3
58,0.146,2.18-NE:R3
59,0.148,2.18-NE:R3
60,0.1513,2.18-NE:R3
61,0.1538,2.18-NE:R3
62,0.1564,2.18-NE:R3
63,0.156,2.18-NE:R3
64,0.1595,2.18-NE:R3
65,0.1608,2.18-NE:R3
66,0.164,2.18-NE:R3
67,0.1652,2.18-NE:R3
41,0.1267,2.18-NE:R4
42,0.1356,2.18-NE:R4
43,0.1383,2.18-NE:R4
44,0.1384,2.18-NE:R4
45,0.1447,2.18-NE:R4
46,0.1335,2.18-NE:R4
47,0.1294,2.18-NE:R4
48,0.1333,2.18-NE:R4
49,0.1344,2.18-NE:R4
50,0.1352,2.18-NE:R4
52,0.1404,2.18-NE:R4
51,0.139,2.18-NE:R4
53,0.1387,2.18-NE:R4
54,0.1295,2.18-NE:R4
55,0.1122,2.18-NE:R4
56,0.1205,2.18-NE:R4
57,0.1189,2.18-NE:R4
58,0.1238,2.18-NE:R4
59,0.1283,2.18-NE:R4
60,0.1328,2.18-NE:R4
61,0.1359,2.18-NE:R4
62,0.1293,2.18-NE:R4
63,0.1259,2.18-NE:R4
64,0.128,2.18-NE:R4
65,0.1355,2.18-NE:R4
66,0.1439,2.18-NE:R4
67,0.1504,2.18-NE:R4
23,0.0702,2.18-NE:R4
24,0.0737,2.18-NE:R4
25,0.0772,2.18-NE:R4
26,0.08,2.18-NE:R4
27,0.0789,2.18-NE:R4
38,0.1074,2.18-NE:R4
40,0.1053,2.18-NE:R4
28,0.1155,2.18-NE:R5
27,0.113,2.18-NE:R5
29,0.1096,2.18-NE:R5
31,0.0938,2.18-NE:R5
32,0.0919,2.18-NE:R5
33,0.0947,2.18-NE:R5
34,0.0975,2.18-NE:R5
36,0.1124,2.18-NE:R5
37,0.1193,2.18-NE:R5
38,0.1196,2.18-NE:R5
39,0.1205,2.18-NE:R5
40,0.1243,2.18-NE:R5
41,0.1398,2.18-NE:R5
42,0.1425,2.18-NE:R5
43,0.1445,2.18-NE:R5
44,0.1449,2.18-NE:R5
45,0.1573,2.18-NE:R5
46,0.1341,2.18-NE:R5
47,0.1325,2.18-NE:R5
48,0.1331,2.18-NE:R5
49,0.1313,2.18-NE:R5
50,0.1299,2.18-NE:R5
51,0.1318,2.18-NE:R5
52,0.1323,2.18-NE:R5
53,0.1356,2.18-NE:R5
54,0.137,2.18-NE:R5
55,0.1137,2.18-NE:R5
56,0.1205,2.18-NE:R5
57,0.1122,2.18-NE:R5
58,0.1073,2.18-NE:R5
59,0.1068,2.18-NE:R5
60,0.1049,2.18-NE:R5
61,0.1084,2.18-NE:R5
62,0.1105,2.18-NE:R5
63,0.1126,2.18-NE:R5
64,0.1207,2.18-NE:R5
65,0.1234,2.18-NE:R5
66,0.1231,2.18-NE:R5
67,0.1164,2.18-NE:R5
37,0.1063,2.18-NE:R6
36,0.1024,2.18-NE:R6
38,0.1058,2.18-NE:R6
40,0.1155,2.18-NE:R6
41,0.1351,2.18-NE:R6
42,0.1352,2.18-NE:R6
43,0.1395,2.18-NE:R6
44,0.1392,2.18-NE:R6
45,0.1539,2.18-NE:R6
47,0.1302,2.18-NE:R6
46,0.1337,2.18-NE:R6
48,0.1311,2.18-NE:R6
49,0.1294,2.18-NE:R6
50,0.1222,2.18-NE:R6
51,0.1195,2.18-NE:R6
28,0.1123,2.18-NE:R6
52,0.1154,2.18-NE:R6
53,0.1179,2.18-NE:R6
54,0.1235,2.18-NE:R6
55,0.1188,2.18-NE:R6
56,0.1186,2.18-NE:R6
57,0.121,2.18-NE:R6
58,0.1213,2.18-NE:R6
59,0.1222,2.18-NE:R6
60,0.1231,2.18-NE:R6
61,0.1224,2.18-NE:R6
62,0.1218,2.18-NE:R6
63,0.1209,2.18-NE:R6
64,0.1214,2.18-NE:R6
65,0.1204,2.18-NE:R6
66,0.1199,2.18-NE:R6
67,0.1176,2.18-NE:R6
45,0.2685,2.20-E:R1
53,0.1633,2.20-E:R1
54,0.2008,2.20-E:R1
55,0.1971,2.20-E:R1
56,0.1882,2.20-E:R1
57,0.1709,2.20-E:R1
0,0.0132,2.20-E:R1
2,0.0198,2.20-E:R1
10,0.0312,2.20-E:R1
11,0.036,2.20-E:R1
12,0.0331,2.20-E:R1
0,0.0087,2.20-E:R2
2,0.017,2.20-E:R2
25,0.1059,2.20-E:R2
30,0.1239,2.20-E:R2
45,0.3142,2.20-E:R2
53,0.2035,2.20-E:R2
54,0.241,2.20-E:R2
55,0.2405,2.20-E:R2
56,0.2393,2.20-E:R2
57,0.2365,2.20-E:R2
58,0.2126,2.20-E:R2
2,0.0176,2.20-E:R3
0,0.0078,2.20-E:R3
25,0.0896,2.20-E:R3
30,0.1084,2.20-E:R3
45,0.2925,2.20-E:R3
53,0.1788,2.20-E:R3
54,0.2179,2.20-E:R3
55,0.2161,2.20-E:R3
56,0.2145,2.20-E:R3
57,0.2108,2.20-E:R3
58,0.1865,2.20-E:R3
2,0.0181,2.20-E:R4
0,0.0097,2.20-E:R4
45,0.3149,2.20-E:R4
53,0.21,2.20-E:R4
54,0.2498,2.20-E:R4
55,0.2491,2.20-E:R4
56,0.2481,2.20-E:R4
57,0.2455,2.20-E:R4
0,0.007,2.20-E:R5
2,0.016,2.20-E:R5
25,0.0744,2.20-E:R5
45,0.2721,2.20-E:R5
53,0.1557,2.20-E:R5
54,0.1928,2.20-E:R5
55,0.1882,2.20-E:R5
56,0.1818,2.20-E:R5
57,0.1686,2.20-E:R5
0,0.0086,2.20-E:R6
45,0.2596,2.20-E:R6
53,0.1358,2.20-E:R6
54,0.168,2.20-E:R6
55,0.1523,2.20-E:R6
45,0.1457,2.20-NE:R1
46,0.1472,2.20-NE:R1
64,0.2554,2.20-NE:R1
65,0.2604,2.20-NE:R1
66,0.2674,2.20-NE:R1
67,0.2725,2.20-NE:R1
45,0.38,2.20-NE:R2
56,0.4452,2.20-NE:R2
57,0.4566,2.20-NE:R2
58,0.4703,2.20-NE:R2
59,0.4842,2.20-NE:R2
46,0.2967,2.20-NE:R2
41,0.2234,2.20-NE:R2
42,0.2381,2.20-NE:R2
43,0.2549,2.20-NE:R2
44,0.2707,2.20-NE:R2
48,0.332,2.20-NE:R2
47,0.3154,2.20-NE:R2
37,0.1852,2.20-NE:R2
38,0.1929,2.20-NE:R2
39,0.2022,2.20-NE:R2
40,0.2109,2.20-NE:R2
49,0.3461,2.20-NE:R2
51,0.3746,2.20-NE:R2
50,0.3591,2.20-NE:R2
52,0.391,2.20-NE:R2
54,0.4299,2.20-NE:R2
53,0.41,2.20-NE:R2
55,0.4311,2.20-NE:R2
60,0.4974,2.20-NE:R2
62,0.5233,2.20-NE:R2
61,0.51,2.20-NE:R2
63,0.5354,2.20-NE:R2
64,0.5502,2.20-NE:R2
65,0.5624,2.20-NE:R2
66,0.5773,2.20-NE:R2
67,0.5928,2.20-NE:R2
45,0.3063,2.20-NE:R3
54,0.2461,2.20-NE:R3
14,0.0433,2.20-NE:R3
15,0.0379,2.20-NE:R3
16,0.039,2.20-NE:R3
17,0.043,2.20-NE:R3
18,0.0462,2.20-NE:R3
19,0.0509,2.20-NE:R3
20,0.0596,2.20-NE:R3
31,0.1232,2.20-NE:R3
32,0.1299,2.20-NE:R3
33,0.136,2.20-NE:R3
34,0.1401,2.20-NE:R3
35,0.1428,2.20-NE:R3
36,0.1461,2.20-NE:R3
37,0.147,2.20-NE:R3
38,0.1493,2.20-NE:R3
39,0.1527,2.20-NE:R3
40,0.1545,2.20-NE:R3
41,0.1609,2.20-NE:R3
42,0.1635,2.20-NE:R3
44,0.1716,2.20-NE:R3
43,0.1679,2.20-NE:R3
46,0.1712,2.20-NE:R3
47,0.1777,2.20-NE:R3
48,0.1817,2.20-NE:R3
49,0.185,2.20-NE:R3
50,0.1872,2.20-NE:R3
51,0.1904,2.20-NE:R3
52,0.1944,2.20-NE:R3
53,0.2087,2.20-NE:R3
55,0.2151,2.20-NE:R3
56,0.2089,2.20-NE:R3
57,0.2096,2.20-NE:R3
58,0.2131,2.20-NE:R3
59,0.2178,2.20-NE:R3
60,0.2216,2.20-NE:R3
61,0.2253,2.20-NE:R3
62,0.2297,2.20-NE:R3
63,0.2348,2.20-NE:R3
64,0.2394,2.20-NE:R3
65,0.2439,2.20-NE:R3
66,0.2489,2.20-NE:R3
67,0.2522,2.20-NE:R3
45,0.2843,2.20-NE:R4
46,0.138,2.20-NE:R4
51,0.1588,2.20-NE:R4
52,0.1607,2.20-NE:R4
53,0.1753,2.20-NE:R4
54,0.2132,2.20-NE:R4
55,0.2033,2.20-NE:R4
56,0.1877,2.20-NE:R4
57,0.1717,2.20-NE:R4
58,0.1725,2.20-NE:R4
59,0.1734,2.20-NE:R4
60,0.1743,2.20-NE:R4
61,0.176,2.20-NE:R4
62,0.1783,2.20-NE:R4
63,0.1792,2.20-NE:R4
64,0.1825,2.20-NE:R4
65,0.1839,2.20-NE:R4
66,0.1855,2.20-NE:R4
67,0.1846,2.20-NE:R4
45,0.2992,2.20-NE:R5
53,0.1856,2.20-NE:R5
54,0.2217,2.20-NE:R5
55,0.2129,2.20-NE:R5
56,0.2013,2.20-NE:R5
45,0.2839,2.20-NE:R6
53,0.1743,2.20-NE:R6
54,0.2053,2.20-NE:R6
55,0.1862,2.20-NE:R6
45,0.2802,2.23-E:R1
39,0.1124,2.23-E:R1
40,0.1145,2.23-E:R1
32,0.0914,2.23-E:R1
41,0.1202,2.23-E:R1
55,0.2224,2.23-E:R1
54,0.2241,2.23-E:R1
56,0.2238,2.23-E:R1
57,0.2244,2.23-E:R1
58,0.2193,2.23-E:R1
66,0.2074,2.23-E:R1
67,0.2104,2.23-E:R1
42,0.1246,2.23-E:R1
43,0.1322,2.23-E:R1
44,0.1391,2.23-E:R1
46,0.1431,2.23-E:R1
47,0.1573,2.23-E:R1
49,0.1683,2.23-E:R1
48,0.1647,2.23-E:R1
50,0.1698,2.23-E:R1
51,0.1734,2.23-E:R1
52,0.1734,2.23-E:R1
53,0.1878,2.23-E:R1
59,0.1909,2.23-E:R1
60,0.1922,2.23-E:R1
61,0.1941,2.23-E:R1
62,0.1975,2.23-E:R1
63,0.199,2.23-E:R1
64,0.2023,2.23-E:R1
65,0.2045,2.23-E:R1
45,0.2887,2.23-E:R2
27,0.0803,2.23-E:R2
32,0.0961,2.23-E:R2
33,0.0991,2.23-E:R2
34,0.1021,2.23-E:R2
35,0.1047,2.23-E:R2
36,0.1073,2.23-E:R2
37,0.1103,2.23-E:R2
38,0.114,2.23-E:R2
39,0.1173,2.23-E:R2
40,0.1203,2.23-E:R2
41,0.1297,2.23-E:R2
42,0.1349,2.23-E:R2
43,0.1402,2.23-E:R2
44,0.1442,2.23-E:R2
47,0.159,2.23-E:R2
46,0.1538,2.23-E:R2
48,0.1637,2.23-E:R2
49,0.1656,2.23-E:R2
50,0.169,2.23-E:R2
51,0.1733,2.23-E:R2
52,0.1756,2.23-E:R2
53,0.1949,2.23-E:R2
54,0.2364,2.23-E:R2
55,0.239,2.23-E:R2
56,0.2417,2.23-E:R2
57,0.2433,2.23-E:R2
58,0.2405,2.23-E:R2
59,0.2238,2.23-E:R2
60,0.2106,2.23-E:R2
61,0.2133,2.23-E:R2
62,0.2165,2.23-E:R2
64,0.224,2.23-E:R2
63,0.2184,2.23-E:R2
65,0.2267,2.23-E:R2
66,0.2294,2.23-E:R2
67,0.2299,2.23-E:R2
45,0.3124,2.23-E:R3
32,0.1194,2.23-E:R3
33,0.1237,2.23-E:R3
34,0.1249,2.23-E:R3
35,0.1262,2.23-E:R3
36,0.1288,2.23-E:R3
37,0.1294,2.23-E:R3
38,0.1338,2.23-E:R3
39,0.1373,2.23-E:R3
40,0.1395,2.23-E:R3
41,0.1446,2.23-E:R3
42,0.1477,2.23-E:R3
43,0.1537,2.23-E:R3
44,0.164,2.23-E:R3
46,0.173,2.23-E:R3
47,0.1862,2.23-E:R3
48,0.195,2.23-E:R3
49,0.2015,2.23-E:R3
50,0.2062,2.23-E:R3
51,0.2125,2.23-E:R3
52,0.2187,2.23-E:R3
53,0.2373,2.23-E:R3
54,0.2794,2.23-E:R3
55,0.281,2.23-E:R3
56,0.2819,2.23-E:R3
57,0.2839,2.23-E:R3
58,0.282,2.23-E:R3
59,0.268,2.23-E:R3
60,0.2582,2.23-E:R3
61,0.2627,2.23-E:R3
62,0.2698,2.23-E:R3
63,0.2726,2.23-E:R3
64,0.2806,2.23-E:R3
65,0.2847,2.23-E:R3
66,0.2904,2.23-E:R3
67,0.2936,2.23-E:R3
41,0.1507,2.23-E:R4
43,0.1662,2.23-E:R4
42,0.1551,2.23-E:R4
45,0.3133,2.23-E:R4
44,0.1746,2.23-E:R4
46,0.1792,2.23-E:R4
47,0.192,2.23-E:R4
48,0.1992,2.23-E:R4
49,0.2065,2.23-E:R4
50,0.2134,2.23-E:R4
51,0.2227,2.23-E:R4
52,0.2319,2.23-E:R4
53,0.2516,2.23-E:R4
54,0.29,2.23-E:R4
55,0.2927,2.23-E:R4
56,0.2954,2.23-E:R4
57,0.2994,2.23-E:R4
58,0.2962,2.23-E:R4
59,0.2779,2.23-E:R4
60,0.2802,2.23-E:R4
61,0.2872,2.23-E:R4
62,0.2949,2.23-E:R4
63,0.3014,2.23-E:R4
64,0.3109,2.23-E:R4
65,0.3174,2.23-E:R4
66,0.3262,2.23-E:R4
67,0.3347,2.23-E:R4
45,0.2915,2.23-E:R5
41,0.1282,2.23-E:R5
42,0.1335,2.23-E:R5
43,0.1403,2.23-E:R5
44,0.1456,2.23-E:R5
46,0.1584,2.23-E:R5
47,0.165,2.23-E:R5
48,0.1725,2.23-E:R5
49,0.1768,2.23-E:R5
50,0.1794,2.23-E:R5
51,0.1855,2.23-E:R5
52,0.1903,2.23-E:R5
53,0.2081,2.23-E:R5
54,0.2465,2.23-E:R5
55,0.2475,2.23-E:R5
56,0.2492,2.23-E:R5
57,0.2485,2.23-E:R5
58,0.237,2.23-E:R5
59,0.2225,2.23-E:R5
60,0.226,2.23-E:R5
61,0.2301,2.23-E:R5
62,0.2344,2.23-E:R5
63,0.2378,2.23-E:R5
64,0.2446,2.23-E:R5
65,0.2485,2.23-E:R5
66,0.2533,2.23-E:R5
67,0.2559,2.23-E:R5
40,0.1076,2.23-E:R6
41,0.1134,2.23-E:R6
42,0.1175,2.23-E:R6
43,0.1234,2.23-E:R6
44,0.1296,2.23-E:R6
46,0.129,2.23-E:R6
47,0.1407,2.23-E:R6
48,0.1448,2.23-E:R6
45,0.2697,2.23-E:R6
49,0.1463,2.23-E:R6
50,0.147,2.23-E:R6
51,0.1491,2.23-E:R6
52,0.1495,2.23-E:R6
53,0.1608,2.23-E:R6
54,0.1924,2.23-E:R6
55,0.1881,2.23-E:R6
56,0.1843,2.23-E:R6
57,0.1756,2.23-E:R6
58,0.162,2.23-E:R6
59,0.1654,2.23-E:R6
60,0.1673,2.23-E:R6
61,0.1714,2.23-E:R6
62,0.1738,2.23-E:R6
63,0.176,2.23-E:R6
64,0.1809,2.23-E:R6
65,0.182,2.23-E:R6
66,0.1839,2.23-E:R6
67,0.1848,2.23-E:R6
46,0.17,2.23-NE:R1
47,0.1654,2.23-NE:R1
48,0.1634,2.23-NE:R1
53,0.1581,2.23-NE:R1
54,0.1635,2.23-NE:R1
55,0.1661,2.23-NE:R1
56,0.1666,2.23-NE:R1
57,0.1674,2.23-NE:R1
58,0.1694,2.23-NE:R1
59,0.1697,2.23-NE:R1
60,0.1711,2.23-NE:R1
61,0.171,2.23-NE:R1
62,0.1728,2.23-NE:R1
63,0.1728,2.23-NE:R1
64,0.1775,2.23-NE:R1
65,0.1803,2.23-NE:R1
66,0.182,2.23-NE:R1
67,0.1819,2.23-NE:R1
45,0.3542,2.23-NE:R2
54,0.292,2.23-NE:R2
45,0.3432,2.23-NE:R3
53,0.2368,2.23-NE:R3
54,0.274,2.23-NE:R3
55,0.2658,2.23-NE:R3
56,0.2555,2.23-NE:R3
45,0.3357,2.23-NE:R4
53,0.2288,2.23-NE:R4
54,0.2651,2.23-NE:R4
55,0.2605,2.23-NE:R4
56,0.2572,2.23-NE:R4
57,0.2528,2.23-NE:R4
58,0.2333,2.23-NE:R4
45,0.3326,2.23-NE:R5
53,0.2251,2.23-NE:R5
54,0.2617,2.23-NE:R5
55,0.2584,2.23-NE:R5
56,0.2561,2.23-NE:R5
57,0.2529,2.23-NE:R5
58,0.2405,2.23-NE:R5
45,0.3139,2.23-NE:R6
53,0.1935,2.23-NE:R6
54,0.2265,2.23-NE:R6
55,0.2225,2.23-NE:R6
56,0.2209,2.23-NE:R6
57,0.2176,2.23-NE:R6
24,0.0354,20-E:R1
26,0.0306,20-E:R1
27,0.0306,20-E:R1
41,0.0527,20-E:R1
44,0.044,20-E:R1
0,0.0069,20-E:R1
1,0.0071,20-E:R1
3,0.0065,20-E:R1
2,0.0067,20-E:R1
4,0.0072,20-E:R1
5,0.0075,20-E:R1
6,0.0071,20-E:R1
7,0.0075,20-E:R1
8,0.0069,20-E:R1
9,0.0079,20-E:R1
10,0.0076,20-E:R1
11,0.0082,20-E:R1
45,0.0423,20-E:R1
43,0.0465,20-E:R1
46,0.0417,20-E:R1
47,0.0392,20-E:R1
48,0.0377,20-E:R1
49,0.0369,20-E:R1
50,0.036,20-E:R1
51,0.0368,20-E:R1
52,0.0357,20-E:R1
53,0.0355,20-E:R1
54,0.0356,20-E:R1
55,0.0381,20-E:R1
56,0.0388,20-E:R1
58,0.0369,20-E:R1
57,0.0374,20-E:R1
59,0.0385,20-E:R1
60,0.0374,20-E:R1
61,0.0372,20-E:R1
62,0.0383,20-E:R1
63,0.0367,20-E:R1
64,0.0382,20-E:R1
65,0.0388,20-E:R1
66,0.0397,20-E:R1
67,0.0381,20-E:R1
0,0.0083,20-E:R5
1,0.0071,20-E:R5
2,0.0089,20-E:R5
6,0.0098,20-E:R5
8,0.0075,20-E:R5
3,0.0079,20-E:R5
4,0.0079,20-E:R5
5,0.0085,20-E:R5
7,0.0089,20-E:R5
10,0.0086,20-E:R5
11,0.0087,20-E:R5
26,0.0261,20-E:R5
27,0.0275,20-E:R5
30,0.0254,20-E:R5
33,0.0285,20-E:R5
37,0.0273,20-E:R5
38,0.0276,20-E:R5
39,0.0269,20-E:R5
0,0.011,20-E:R6
1,0.0114,20-E:R6
2,0.0114,20-E:R6
3,0.0113,20-E:R6
4,0.0114,20-E:R6
5,0.0116,20-E:R6
6,0.012,20-E:R6
7,0.0128,20-E:R6
8,0.012,20-E:R6
10,0.0128,20-E:R6
9,0.0128,20-E:R6
11,0.0123,20-E:R6
12,0.0122,20-E:R6
13,0.0125,20-E:R6
53,0.1088,20-NE:R1
54,0.1163,20-NE:R1
55,0.1078,20-NE:R1
56,0.094,20-NE:R1
57,0.0832,20-NE:R1
51,0.0841,20-NE:R2
52,0.0889,20-NE:R2
53,0.1029,20-NE:R2
54,0.1177,20-NE:R2
45,0.1732,20-NE:R2
55,0.1158,20-NE:R2
56,0.1066,20-NE:R2
45,0.2026,20-NE:R3
45,0.2407,20-NE:R4
45,0.1887,20-NE:R5
48,0.0394,20-NE:R6
49,0.0395,20-NE:R6
50,0.0384,20-NE:R6
51,0.0423,20-NE:R6
53,0.0598,20-NE:R6
54,0.064,20-NE:R6
55,0.0701,20-NE:R6
56,0.0723,20-NE:R6
57,0.0753,20-NE:R6
58,0.0768,20-NE:R6
59,0.0804,20-NE:R6
60,0.0827,20-NE:R6
61,0.0838,20-NE:R6
62,0.0855,20-NE:R6
63,0.0874,20-NE:R6
64,0.0918,20-NE:R6
65,0.0936,20-NE:R6
66,0.0964,20-NE:R6
67,0.0977,20-NE:R6
51,0.5017,20.23-E:R1
52,0.5857,20.23-E:R1
53,0.686,20.23-E:R1
54,0.7679,20.23-E:R1
56,0.8677,20.23-E:R1
55,0.8269,20.23-E:R1
58,0.9209,20.23-E:R1
57,0.9005,20.23-E:R1
59,0.9363,20.23-E:R1
60,0.9449,20.23-E:R1
61,0.9512,20.23-E:R1
62,0.9636,20.23-E:R1
63,0.9686,20.23-E:R1
64,0.9784,20.23-E:R1
65,0.9781,20.23-E:R1
66,0.9819,20.23-E:R1
67,0.985,20.23-E:R1
0,0.0067,20.23-E:R2
1,0.0059,20.23-E:R2
2,0.0064,20.23-E:R2
45,0.1205,20.23-E:R2
0,0.0074,20.23-E:R3
1,0.0072,20.23-E:R3
2,0.0081,20.23-E:R3
3,0.008,20.23-E:R3
4,0.0074,20.23-E:R3
5,0.0075,20.23-E:R3
6,0.0063,20.23-E:R3
0,0.0041,20.23-E:R4
1,0.0046,20.23-E:R4
2,0.0044,20.23-E:R4
3,0.0044,20.23-E:R4
4,0.0036,20.23-E:R4
5,0.0044,20.23-E:R4
6,0.006,20.23-E:R4
0,0.0055,20.23-E:R5
1,0.0063,20.23-E:R5
2,0.0067,20.23-E:R5
3,0.0064,20.23-E:R5
4,0.0066,20.23-E:R5
5,0.0071,20.23-E:R5
6,0.008,20.23-E:R5
7,0.0084,20.23-E:R5
8,0.0089,20.23-E:R5
0,0.005,20.23-E:R6
1,0.0052,20.23-E:R6
2,0.0044,20.23-E:R6
3,0.0051,20.23-E:R6
4,0.0043,20.23-E:R6
5,0.006,20.23-E:R6
6,0.0072,20.23-E:R6
7,0.0072,20.23-E:R6
8,0.0076,20.23-E:R6
9,0.0084,20.23-E:R6
10,0.0099,20.23-E:R6
11,0.0121,20.23-E:R6
12,0.0136,20.23-E:R6
52,0.2097,20.23-E:R6
53,0.2168,20.23-E:R6
54,0.2227,20.23-E:R6
55,0.2354,20.23-E:R6
45,0.2064,20.23-NE:R2
45,0.2448,20.23-NE:R3
46,0.1774,20.23-NE:R3
45,0.2457,20.23-NE:R4
54,0.1896,20.23-NE:R3
55,0.1987,20.23-NE:R3
56,0.2032,20.23-NE:R3
57,0.2117,20.23-NE:R3
58,0.2193,20.23-NE:R3
59,0.2245,20.23-NE:R3
60,0.2293,20.23-NE:R3
61,0.234,20.23-NE:R3
62,0.2393,20.23-NE:R3
63,0.2449,20.23-NE:R3
64,0.2505,20.23-NE:R3
65,0.2551,20.23-NE:R3
66,0.2587,20.23-NE:R3
67,0.2596,20.23-NE:R3
34,0.1245,20.23-NE:R4
35,0.1213,20.23-NE:R4
36,0.1267,20.23-NE:R4
37,0.1232,20.23-NE:R4
38,0.1243,20.23-NE:R4
39,0.1257,20.23-NE:R4
40,0.1466,20.23-NE:R4
41,0.1504,20.23-NE:R4
42,0.1534,20.23-NE:R4
43,0.1559,20.23-NE:R4
44,0.1536,20.23-NE:R4
46,0.1574,20.23-NE:R4
47,0.1656,20.23-NE:R4
48,0.1726,20.23-NE:R4
49,0.1719,20.23-NE:R4
50,0.1732,20.23-NE:R4
51,0.1718,20.23-NE:R4
52,0.1757,20.23-NE:R4
53,0.1817,20.23-NE:R4
54,0.1923,20.23-NE:R4
55,0.1985,20.23-NE:R4
56,0.2041,20.23-NE:R4
57,0.2106,20.23-NE:R4
58,0.2156,20.23-NE:R4
59,0.2237,20.23-NE:R4
60,0.2293,20.23-NE:R4
61,0.2335,20.23-NE:R4
62,0.2412,20.23-NE:R4
63,0.2453,20.23-NE:R4
64,0.2516,20.23-NE:R4
65,0.2567,20.23-NE:R4
66,0.2573,20.23-NE:R4
67,0.264,20.23-NE:R4
43,0.1436,20.23-NE:R5
44,0.1438,20.23-NE:R5
47,0.1567,20.23-NE:R5
46,0.1608,20.23-NE:R5
45,0.2229,20.23-NE:R5
48,0.1607,20.23-NE:R5
49,0.1628,20.23-NE:R5
50,0.1628,20.23-NE:R5
51,0.1692,20.23-NE:R5
52,0.169,20.23-NE:R5
53,0.1735,20.23-NE:R5
54,0.1829,20.23-NE:R5
55,0.1885,20.23-NE:R5
56,0.1946,20.23-NE:R5
57,0.2019,20.23-NE:R5
58,0.2073,20.23-NE:R5
59,0.2117,20.23-NE:R5
60,0.2207,20.23-NE:R5
61,0.2245,20.23-NE:R5
62,0.2283,20.23-NE:R5
63,0.2311,20.23-NE:R5
64,0.2374,20.23-NE:R5
65,0.2429,20.23-NE:R5
66,0.2479,20.23-NE:R5
67,0.2495,20.23-NE:R5
29,0.1023,20.23-NE:R5
30,0.1062,20.23-NE:R5
31,0.1099,20.23-NE:R5
32,0.1138,20.23-NE:R5
33,0.1151,20.23-NE:R5
34,0.1164,20.23-NE:R5
47,0.1684,20.23-NE:R3
48,0.1661,20.23-NE:R3
49,0.1676,20.23-NE:R3
50,0.1709,20.23-NE:R3
51,0.1776,20.23-NE:R3
52,0.1773,20.23-NE:R3
53,0.1796,20.23-NE:R3
46,0.1712,20.23-NE:R2
47,0.1678,20.23-NE:R2
48,0.1706,20.23-NE:R2
49,0.1748,20.23-NE:R2
50,0.1808,20.23-NE:R2
51,0.1848,20.23-NE:R2
52,0.183,20.23-NE:R2
53,0.1861,20.23-NE:R2
54,0.1951,20.23-NE:R2
55,0.2053,20.23-NE:R2
56,0.2099,20.23-NE:R2
57,0.2153,20.23-NE:R2
58,0.2214,20.23-NE:R2
59,0.2271,20.23-NE:R2
60,0.2313,20.23-NE:R2
61,0.2352,20.23-NE:R2
62,0.2408,20.23-NE:R2
63,0.2436,20.23-NE:R2
64,0.2495,20.23-NE:R2
65,0.2533,20.23-NE:R2
66,0.258,20.23-NE:R2
67,0.2591,20.23-NE:R2
46,0.1455,20.23-NE:R1
47,0.1497,20.23-NE:R1
48,0.1558,20.23-NE:R1
49,0.1565,20.23-NE:R1
50,0.1571,20.23-NE:R1
51,0.1587,20.23-NE:R1
53,0.1629,20.23-NE:R1
52,0.1614,20.23-NE:R1
54,0.171,20.23-NE:R1
55,0.178,20.23-NE:R1
56,0.1814,20.23-NE:R1
57,0.185,20.23-NE:R1
58,0.1928,20.23-NE:R1
59,0.1985,20.23-NE:R1
60,0.2043,20.23-NE:R1
61,0.2087,20.23-NE:R1
62,0.2137,20.23-NE:R1
64,0.2246,20.23-NE:R1
63,0.2184,20.23-NE:R1
65,0.2288,20.23-NE:R1
66,0.2313,20.23-NE:R1
67,0.2372,20.23-NE:R1
45,0.1624,20.23-NE:R6
46,0.1756,20.23-NE:R6
48,0.1749,20.23-NE:R6
47,0.1724,20.23-NE:R6
49,0.176,20.23-NE:R6
50,0.1816,20.23-NE:R6
51,0.1844,20.23-NE:R6
52,0.182,20.23-NE:R6
53,0.1871,20.23-NE:R6
54,0.1953,20.23-NE:R6
55,0.2063,20.23-NE:R6
56,0.2143,20.23-NE:R6
57,0.2179,20.23-NE:R6
58,0.2239,20.23-NE:R6
59,0.2324,20.23-NE:R6
60,0.2385,20.23-NE:R6
61,0.246,20.23-NE:R6
62,0.2497,20.23-NE:R6
63,0.2495,20.23-NE:R6
64,0.2571,20.23-NE:R6
65,0.2617,20.23-NE:R6
66,0.2652,20.23-NE:R6
67,0.2668,20.23-NE:R6
55,0.1605,23-E:R1
56,0.1629,23-E:R1
57,0.1666,23-E:R1
58,0.1753,23-E:R1
59,0.186,23-E:R1
60,0.1954,23-E:R1
61,0.2141,23-E:R1
62,0.2269,23-E:R1
63,0.2162,23-E:R1
64,0.2094,23-E:R1
65,0.2131,23-E:R1
66,0.2199,23-E:R1
67,0.2381,23-E:R1
0,0.0008,23-E:R1
1,0.0002,23-E:R1
2,0.0009,23-E:R1
3,0.0004,23-E:R1
4,0.0008,23-E:R1
0,0.0035,23-E:R2
1,0.0022,23-E:R2
2,0.002,23-E:R2
3,0.0025,23-E:R2
53,0.1571,23-E:R2
54,0.1598,23-E:R2
55,0.1638,23-E:R2
56,0.1678,23-E:R2
57,0.1699,23-E:R2
58,0.1736,23-E:R2
59,0.1779,23-E:R2
60,0.1803,23-E:R2
61,0.183,23-E:R2
62,0.1874,23-E:R2
63,0.1889,23-E:R2
64,0.1928,23-E:R2
65,0.1952,23-E:R2
66,0.1977,23-E:R2
67,0.1994,23-E:R2
46,0.1881,23-E:R3
0,0.0073,23-E:R3
1,0.0069,23-E:R3
2,0.0066,23-E:R3
3,0.0072,23-E:R3
48,0.1782,23-E:R3
49,0.183,23-E:R3
50,0.1873,23-E:R3
51,0.1937,23-E:R3
53,0.1979,23-E:R3
52,0.1967,23-E:R3
54,0.2023,23-E:R3
55,0.209,23-E:R3
56,0.2133,23-E:R3
57,0.2179,23-E:R3
58,0.2253,23-E:R3
59,0.2317,23-E:R3
60,0.1992,23-E:R3
61,0.2158,23-E:R3
62,0.2256,23-E:R3
63,0.2392,23-E:R3
64,0.2456,23-E:R3
65,0.2501,23-E:R3
66,0.2538,23-E:R3
67,0.2544,23-E:R3
0,0.001,23-E:R4
1,0.0001,23-E:R4
2,0.001,23-E:R4
3,0.001,23-E:R4
4,0.0003,23-E:R4
5,0.0008,23-E:R4
6,0.0025,23-E:R4
46,0.1593,23-E:R4
47,0.1603,23-E:R4
48,0.1642,23-E:R4
49,0.1664,23-E:R4
50,0.1693,23-E:R4
51,0.1727,23-E:R4
52,0.173,23-E:R4
53,0.1747,23-E:R4
54,0.1782,23-E:R4
55,0.1834,23-E:R4
56,0.1865,23-E:R4
57,0.1903,23-E:R4
58,0.1945,23-E:R4
59,0.1989,23-E:R4
60,0.2018,23-E:R4
61,0.205,23-E:R4
62,0.2079,23-E:R4
63,0.2106,23-E:R4
64,0.2147,23-E:R4
65,0.2183,23-E:R4
66,0.2213,23-E:R4
67,0.2223,23-E:R4
0,0.005,23-E:R5
1,0.0048,23-E:R5
2,0.0054,23-E:R5
4,0.0049,23-E:R5
3,0.0046,23-E:R5
41,0.1277,23-E:R5
42,0.1303,23-E:R5
43,0.1339,23-E:R5
44,0.1361,23-E:R5
45,0.1385,23-E:R5
46,0.1445,23-E:R5
47,0.1469,23-E:R5
48,0.1503,23-E:R5
49,0.1529,23-E:R5
50,0.1538,23-E:R5
51,0.1574,23-E:R5
52,0.1583,23-E:R5
53,0.1616,23-E:R5
54,0.1634,23-E:R5
55,0.1672,23-E:R5
56,0.1703,23-E:R5
58,0.1767,23-E:R5
59,0.1807,23-E:R5
57,0.1729,23-E:R5
60,0.1831,23-E:R5
61,0.1855,23-E:R5
62,0.189,23-E:R5
63,0.1906,23-E:R5
64,0.1718,23-E:R5
65,0.1818,23-E:R5
66,0.1836,23-E:R5
67,0.1863,23-E:R5
0,0.0035,23-E:R6
1,0.0042,23-E:R6
2,0.0045,23-E:R6
3,0.0039,23-E:R6
46,0.1195,23-E:R6
47,0.1206,23-E:R6
48,0.1235,23-E:R6
49,0.1244,23-E:R6
50,0.1249,23-E:R6
51,0.1274,23-E:R6
52,0.1282,23-E:R6
53,0.1297,23-E:R6
54,0.1315,23-E:R6
55,0.1347,23-E:R6
56,0.1371,23-E:R6
57,0.138,23-E:R6
58,0.1406,23-E:R6
59,0.1443,23-E:R6
60,0.1453,23-E:R6
61,0.1475,23-E:R6
62,0.1497,23-E:R6
63,0.1516,23-E:R6
64,0.1553,23-E:R6
65,0.1573,23-E:R6
66,0.1597,23-E:R6
67,0.1601,23-E:R6
0,0.0039,23-NE:R1
1,0.0044,23-NE:R1
2,0.0078,23-NE:R1
3,0.0036,23-NE:R1
4,0.0052,23-NE:R1
5,0.0056,23-NE:R1
6,0.0075,23-NE:R1
7,0.0081,23-NE:R1
45,0.248,23-NE:R1
53,0.215,23-NE:R1
54,0.2552,23-NE:R1
55,0.2468,23-NE:R1
56,0.2594,23-NE:R1
57,0.2794,23-NE:R1
58,0.2965,23-NE:R1
59,0.3141,23-NE:R1
60,0.3305,23-NE:R1
61,0.3485,23-NE:R1
62,0.3674,23-NE:R1
63,0.3843,23-NE:R1
64,0.404,23-NE:R1
65,0.4223,23-NE:R1
66,0.4558,23-NE:R1
67,0.5161,23-NE:R1
0,0.0036,23-NE:R2
1,0.0019,23-NE:R2
2,0.0042,23-NE:R2
3,0.0014,23-NE:R2
4,0.0024,23-NE:R2
5,0.0034,23-NE:R2
6,0.0048,23-NE:R2
7,0.0047,23-NE:R2
45,0.2411,23-NE:R2
47,0.1898,23-NE:R2
48,0.2209,23-NE:R2
49,0.2443,23-NE:R2
50,0.2546,23-NE:R2
51,0.2674,23-NE:R2
52,0.2804,23-NE:R2
53,0.3042,23-NE:R2
54,0.3503,23-NE:R2
55,0.3399,23-NE:R2
56,0.3546,23-NE:R2
57,0.3715,23-NE:R2
58,0.387,23-NE:R2
59,0.4007,23-NE:R2
60,0.4135,23-NE:R2
61,0.4244,23-NE:R2
62,0.4349,23-NE:R2
63,0.444,23-NE:R2
64,0.4542,23-NE:R2
65,0.4622,23-NE:R2
66,0.4624,23-NE:R2
67,0.4661,23-NE:R2
0,0.0025,23-NE:R3
1,0.001,23-NE:R3
2,0.001,23-NE:R3
3,0.0006,23-NE:R3
4,0.0001,23-NE:R3
5,0.0008,23-NE:R3
6,0.0029,23-NE:R3
7,0.0032,23-NE:R3
8,0.0047,23-NE:R3
45,0.2826,23-NE:R3
50,0.2261,23-NE:R3
51,0.2414,23-NE:R3
52,0.2564,23-NE:R3
53,0.2774,23-NE:R3
54,0.328,23-NE:R3
55,0.3645,23-NE:R3
56,0.3852,23-NE:R3
57,0.403,23-NE:R3
58,0.4235,23-NE:R3
59,0.4379,23-NE:R3
60,0.4549,23-NE:R3
61,0.4675,23-NE:R3
62,0.4814,23-NE:R3
63,0.4927,23-NE:R3
64,0.5073,23-NE:R3
65,0.5208,23-NE:R3
66,0.5334,23-NE:R3
67,0.5448,23-NE:R3
45,0.2789,23-NE:R4
0,1.00E-04,23-NE:R4
1,5.00E-04,23-NE:R4
2,0.0009,23-NE:R4
3,0.0012,23-NE:R4
4,0.0013,23-NE:R4
5,0.0019,23-NE:R4
6,0.0045,23-NE:R4
7,0.0047,23-NE:R4
54,0.3487,23-NE:R4
55,0.3845,23-NE:R4
56,0.4085,23-NE:R4
57,0.4323,23-NE:R4
58,0.4567,23-NE:R4
59,0.4707,23-NE:R4
60,0.4827,23-NE:R4
61,0.4927,23-NE:R4
62,0.5022,23-NE:R4
63,0.5079,23-NE:R4
64,0.515,23-NE:R4
65,0.5196,23-NE:R4
66,0.5254,23-NE:R4
67,0.5282,23-NE:R4
48,0.1985,23-NE:R4
49,0.209,23-NE:R4
50,0.2213,23-NE:R4
51,0.2329,23-NE:R4
52,0.2456,23-NE:R4
53,0.2628,23-NE:R4
0,0.001,23-NE:R5
1,0.0002,23-NE:R5
2,0.0003,23-NE:R5
4,0.0003,23-NE:R5
3,5.00E-04,23-NE:R5
5,0.0018,23-NE:R5
6,0.0036,23-NE:R5
45,0.2968,23-NE:R5
48,0.2014,23-NE:R5
49,0.2244,23-NE:R5
50,0.2356,23-NE:R5
51,0.2477,23-NE:R5
52,0.2609,23-NE:R5
53,0.2759,23-NE:R5
54,0.2964,23-NE:R5
55,0.3166,23-NE:R5
56,0.3336,23-NE:R5
57,0.3516,23-NE:R5
58,0.3731,23-NE:R5
59,0.3936,23-NE:R5
60,0.4182,23-NE:R5
61,0.4423,23-NE:R5
62,0.4654,23-NE:R5
63,0.4863,23-NE:R5
64,0.511,23-NE:R5
65,0.5322,23-NE:R5
66,0.5498,23-NE:R5
67,0.5615,23-NE:R5
0,0.001,23-NE:R6
1,0.001,23-NE:R6
2,0.001,23-NE:R6
3,0.001,23-NE:R6
4,0.001,23-NE:R6
5,0.001,23-NE:R6
6,0.0018,23-NE:R6
35,0.1022,23-NE:R6
48,0.2202,23-NE:R6
49,0.2432,23-NE:R6
50,0.2688,23-NE:R6
51,0.2993,23-NE:R6
52,0.3189,23-NE:R6
53,0.3323,23-NE:R6
54,0.3516,23-NE:R6
55,0.3862,23-NE:R6
56,0.4104,23-NE:R6
57,0.431,23-NE:R6
58,0.455,23-NE:R6
59,0.4268,23-NE:R6
60,0.4506,23-NE:R6
61,0.4544,23-NE:R6
62,0.4667,23-NE:R6
63,0.4774,23-NE:R6
64,0.4924,23-NE:R6
65,0.4957,23-NE:R6
66,0.5289,23-NE:R6
67,0.5079,23-NE:R6